"LinkSrChairLift_ID","SR_ID","ChairLift_ID","CreatedBy_ID","CreatedAt","UpdatedBy_ID","UpdatedAt","IsActive"
1,12,2645,422,"2024-08-15 14:50:18",422,"2024-08-15 14:50:18",1
2,11,2644,422,"2024-08-15 14:51:19",422,"2024-08-15 14:51:19",1
3,13,2998,499,"2024-11-29 12:04:16",499,"2024-11-29 12:04:16",1
4,15,1856,235,"2024-12-02 11:25:30",235,"2024-12-02 11:25:30",1
6,17,3739,27,"2024-12-02 13:23:47",27,"2024-12-02 13:23:47",1
7,18,3479,268,"2024-12-02 15:51:54",268,"2024-12-02 15:51:54",1
8,19,2112,27,"2024-12-02 16:53:38",27,"2024-12-02 16:53:38",1
9,20,627,235,"2024-12-03 11:35:01",235,"2024-12-03 11:35:01",1
10,21,3965,27,"2024-12-03 14:35:28",27,"2024-12-03 14:35:28",1
11,22,2786,27,"2024-12-03 14:50:54",27,"2024-12-03 14:50:54",1
13,24,2899,27,"2024-12-03 15:30:19",27,"2024-12-03 15:30:19",1
14,25,2504,27,"2024-12-03 15:53:03",27,"2024-12-03 15:53:03",1
15,26,77,27,"2024-12-04 09:28:21",27,"2024-12-04 09:28:21",1
17,28,3736,27,"2024-12-04 09:56:56",27,"2024-12-04 09:56:56",1
18,29,3049,27,"2024-12-04 10:11:33",27,"2024-12-04 10:11:33",1
19,30,3048,27,"2024-12-04 10:25:12",27,"2024-12-04 10:25:12",1
20,31,3420,27,"2024-12-04 14:57:39",27,"2024-12-04 14:57:39",1
21,32,3396,27,"2024-12-04 15:01:48",27,"2024-12-04 15:01:48",1
22,33,2419,27,"2024-12-04 16:45:36",27,"2024-12-04 16:45:36",1
23,34,3047,27,"2024-12-05 08:39:31",27,"2024-12-05 08:39:31",1
24,35,4016,235,"2024-12-05 10:50:01",235,"2024-12-05 10:50:01",1
25,36,3397,235,"2024-12-05 14:06:35",235,"2024-12-05 14:06:35",1
26,37,3024,27,"2024-12-05 14:21:10",27,"2024-12-05 14:21:10",1
27,38,3665,27,"2024-12-05 16:20:04",27,"2024-12-05 16:20:04",1
28,39,3727,235,"2024-12-05 16:42:31",235,"2024-12-05 16:42:31",1
29,40,2992,27,"2024-12-06 10:34:07",27,"2024-12-06 10:34:07",1
30,41,2910,27,"2024-12-06 13:35:40",27,"2024-12-06 13:35:40",1
31,42,3900,27,"2024-12-06 17:02:21",27,"2024-12-06 17:02:21",1
32,43,2875,27,"2024-12-09 10:49:10",27,"2024-12-09 10:49:10",1
33,44,3945,235,"2024-12-09 12:24:07",235,"2024-12-09 12:24:07",1
34,45,3974,235,"2024-12-09 16:38:19",235,"2024-12-09 16:38:19",1
35,46,1592,235,"2024-12-10 09:19:32",235,"2024-12-10 09:19:32",1
36,47,3881,235,"2024-12-10 16:01:52",235,"2024-12-10 16:01:52",1
37,27,3668,235,"2024-12-10 16:49:55",235,"2024-12-10 16:49:55",1
38,48,3393,235,"2024-12-11 12:23:23",235,"2024-12-11 12:23:23",1
39,49,3701,235,"2024-12-11 13:18:27",235,"2024-12-11 13:18:27",1
40,50,2552,268,"2024-12-11 15:12:18",268,"2024-12-11 15:12:18",1
41,51,3688,235,"2024-12-12 09:36:38",235,"2024-12-12 09:36:38",1
42,52,2571,235,"2024-12-12 10:11:35",235,"2024-12-12 10:14:50",0
43,52,2871,235,"2024-12-12 10:14:50",235,"2024-12-12 10:14:50",1
44,53,3140,235,"2024-12-12 11:39:12",235,"2024-12-12 11:39:12",1
45,54,3543,235,"2024-12-12 12:15:45",235,"2024-12-12 12:15:45",1
46,55,2502,235,"2024-12-12 13:47:01",235,"2024-12-12 13:47:01",1
47,56,2276,235,"2024-12-12 13:56:01",235,"2024-12-12 13:56:01",1
48,57,3863,27,"2024-12-12 15:32:16",27,"2024-12-12 15:32:16",1
49,58,2615,27,"2024-12-12 15:50:53",27,"2024-12-12 15:50:53",1
50,59,3085,27,"2024-12-12 15:54:54",27,"2024-12-12 15:54:54",1
51,60,3266,27,"2024-12-12 15:58:09",27,"2024-12-12 15:58:09",1
52,61,2740,27,"2024-12-12 16:06:17",27,"2024-12-12 16:06:17",1
53,62,3092,27,"2024-12-12 16:21:12",27,"2024-12-12 16:21:12",1
54,63,2508,27,"2024-12-12 16:38:12",27,"2024-12-12 16:38:12",1
55,64,2465,27,"2024-12-13 09:25:55",27,"2024-12-13 09:25:55",1
56,65,3234,27,"2024-12-13 13:58:25",27,"2024-12-13 13:58:25",1
57,66,3795,235,"2024-12-13 16:23:55",235,"2024-12-13 16:23:55",1
58,67,2580,27,"2024-12-16 08:48:51",27,"2024-12-16 08:48:51",1
59,68,3589,268,"2024-12-16 09:43:28",268,"2024-12-16 09:43:28",1
60,69,2388,268,"2024-12-16 10:05:10",268,"2024-12-16 10:05:10",1
61,70,3734,268,"2024-12-16 10:20:54",268,"2024-12-16 10:20:54",1
62,71,2050,235,"2024-12-16 13:28:03",235,"2024-12-16 13:28:03",1
63,72,2973,27,"2024-12-16 14:11:13",27,"2024-12-16 14:11:13",1
64,73,3603,27,"2024-12-16 14:13:50",27,"2024-12-16 14:13:50",1
65,74,3869,27,"2024-12-16 14:15:32",27,"2024-12-16 14:15:32",1
66,75,3898,27,"2024-12-16 14:16:49",27,"2024-12-16 14:16:49",1
67,76,3851,27,"2024-12-16 14:20:01",27,"2024-12-16 14:20:01",1
68,77,3782,27,"2024-12-16 14:21:27",27,"2024-12-16 14:21:27",1
69,78,3780,27,"2024-12-16 14:22:34",27,"2024-12-16 14:22:34",1
70,79,3738,27,"2024-12-16 14:24:04",27,"2024-12-16 14:24:04",1
71,80,3591,27,"2024-12-16 14:25:17",27,"2024-12-16 14:25:17",1
72,81,2552,268,"2024-12-17 08:32:20",268,"2024-12-17 08:32:20",1
73,82,2628,27,"2024-12-17 08:49:26",27,"2024-12-17 08:49:26",1
74,83,3945,268,"2024-12-17 16:56:03",268,"2024-12-17 16:56:03",1
75,84,3256,268,"2024-12-18 08:20:56",268,"2024-12-18 08:20:56",1
76,85,451,27,"2024-12-18 13:31:50",27,"2024-12-18 13:31:50",1
77,86,954,27,"2024-12-18 14:00:10",27,"2024-12-18 14:00:10",1
79,88,3964,27,"2024-12-18 16:38:35",27,"2024-12-18 16:38:35",1
80,89,3087,27,"2024-12-19 13:12:11",27,"2024-12-19 13:12:11",1
81,90,1532,27,"2024-12-19 13:26:35",27,"2024-12-19 13:26:35",1
82,91,1960,27,"2024-12-19 13:42:13",27,"2024-12-19 13:42:13",1
83,92,1568,27,"2024-12-19 13:45:29",27,"2024-12-19 13:45:29",1
84,93,1537,27,"2024-12-19 13:47:15",27,"2024-12-19 13:47:15",1
85,94,1961,27,"2024-12-19 13:49:39",27,"2024-12-19 13:49:39",1
86,95,3183,27,"2024-12-19 14:09:14",27,"2024-12-19 14:09:14",1
87,96,2992,27,"2024-12-19 15:38:23",27,"2024-12-19 15:38:23",1
88,97,3554,268,"2024-12-20 14:01:00",268,"2024-12-20 14:01:00",1
89,98,1877,235,"2024-12-20 14:45:57",235,"2024-12-20 14:45:57",1
90,99,2130,268,"2024-12-23 10:23:17",268,"2024-12-23 10:23:17",1
92,101,3854,235,"2024-12-23 16:50:13",235,"2024-12-23 16:50:13",1
93,102,2695,268,"2024-12-24 09:33:21",268,"2024-12-24 09:33:21",1
94,103,3555,268,"2024-12-24 09:56:53",268,"2024-12-24 09:56:53",1
95,104,4036,268,"2024-12-24 10:45:18",268,"2024-12-24 10:45:18",1
96,105,3692,268,"2024-12-24 11:39:03",268,"2024-12-24 11:39:03",1
98,107,2380,268,"2024-12-24 12:03:12",268,"2024-12-24 12:03:12",1
99,108,4098,235,"2024-12-24 15:50:21",235,"2024-12-24 15:50:21",1
100,109,3829,27,"2024-12-27 10:51:54",27,"2024-12-27 10:51:54",1
101,110,3643,27,"2024-12-27 11:09:09",27,"2024-12-27 11:09:09",1
102,111,3432,27,"2024-12-27 11:12:30",27,"2024-12-27 11:12:30",1
103,112,3395,27,"2024-12-27 11:14:42",27,"2024-12-27 11:14:42",1
105,114,3320,27,"2024-12-27 11:17:37",27,"2024-12-27 11:17:37",1
106,115,3221,27,"2024-12-27 11:19:06",27,"2024-12-27 11:19:06",1
107,116,3075,27,"2024-12-27 11:21:40",27,"2024-12-27 11:21:40",1
108,117,2409,27,"2024-12-27 11:23:06",27,"2024-12-27 11:23:06",1
109,118,3640,268,"2024-12-27 11:28:36",268,"2024-12-27 11:28:36",1
110,119,3017,268,"2024-12-30 11:31:26",268,"2024-12-30 11:31:26",1
111,120,3408,711,"2024-12-30 12:30:44",711,"2024-12-30 12:30:44",1
112,121,2856,268,"2024-12-30 13:51:47",268,"2024-12-30 13:51:47",1
113,122,3435,268,"2024-12-30 14:05:09",268,"2024-12-30 14:05:09",1
114,123,2320,3,"2024-12-31 13:16:11",3,"2024-12-31 13:16:11",1
115,124,621,711,"2024-12-31 16:51:07",711,"2024-12-31 16:51:07",1
116,125,2454,268,"2025-01-02 08:48:25",268,"2025-01-02 08:48:25",1
117,126,3852,27,"2025-01-02 09:28:15",27,"2025-01-02 09:28:15",1
118,127,3481,711,"2025-01-02 11:22:45",711,"2025-01-02 11:22:45",1
119,128,4019,27,"2025-01-02 11:23:16",27,"2025-01-02 11:23:16",1
120,129,3688,268,"2025-01-03 08:35:26",268,"2025-01-03 08:35:26",1
121,130,3781,711,"2025-01-03 09:21:26",711,"2025-01-03 09:21:26",1
122,131,1806,27,"2025-01-03 10:49:17",27,"2025-01-03 10:49:17",1
123,132,2875,27,"2025-01-06 09:00:11",27,"2025-01-06 09:00:11",1
124,133,3982,268,"2025-01-06 11:24:02",268,"2025-01-06 11:24:02",1
125,134,2878,268,"2025-01-06 13:30:19",268,"2025-01-06 13:30:19",1
126,135,2156,268,"2025-01-06 14:47:10",268,"2025-01-06 14:47:10",1
127,136,1585,27,"2025-01-06 14:50:04",27,"2025-01-06 14:50:04",1
128,137,3579,711,"2025-01-06 16:23:56",711,"2025-01-06 16:23:56",1
129,138,2911,711,"2025-01-07 08:11:57",711,"2025-01-07 08:11:57",1
130,139,2402,711,"2025-01-07 13:26:08",711,"2025-01-07 13:26:08",1
131,140,3813,268,"2025-01-07 14:44:34",268,"2025-01-07 14:44:34",1
132,141,3728,268,"2025-01-07 14:58:09",268,"2025-01-07 14:58:09",1
133,142,3713,268,"2025-01-07 15:36:49",268,"2025-01-07 15:36:49",1
134,143,3554,27,"2025-01-07 16:21:28",27,"2025-01-07 16:21:28",1
135,144,3262,27,"2025-01-07 16:35:55",27,"2025-01-07 16:35:55",1
136,145,2812,27,"2025-01-07 16:53:09",27,"2025-01-07 16:53:09",1
137,146,2642,27,"2025-01-08 08:58:22",27,"2025-01-08 08:58:22",1
138,147,3872,235,"2025-01-08 13:31:41",235,"2025-01-08 13:31:41",1
139,148,2335,27,"2025-01-08 14:32:00",27,"2025-01-08 14:32:00",1
140,149,995,711,"2025-01-09 08:54:03",711,"2025-01-09 08:54:03",1
141,150,2042,268,"2025-01-09 11:47:05",268,"2025-01-09 11:47:05",1
142,151,4019,268,"2025-01-09 13:45:25",268,"2025-01-09 13:45:25",1
143,152,3163,268,"2025-01-10 10:23:14",268,"2025-01-10 10:23:14",1
144,153,2615,268,"2025-01-10 10:36:09",268,"2025-01-10 10:36:09",1
145,154,3603,268,"2025-01-10 11:06:35",268,"2025-01-10 11:06:35",1
146,155,3502,268,"2025-01-10 11:24:18",268,"2025-01-10 11:24:18",1
147,156,4016,268,"2025-01-10 16:23:50",268,"2025-01-10 16:23:50",1
148,157,3668,27,"2025-01-13 08:46:49",27,"2025-01-13 08:46:49",1
149,158,3965,27,"2025-01-13 08:54:48",27,"2025-01-13 08:54:48",1
150,159,2378,27,"2025-01-13 09:12:40",27,"2025-01-13 09:12:40",1
151,160,3883,27,"2025-01-15 13:45:57",27,"2025-01-15 13:45:57",1
152,161,1271,711,"2025-01-16 10:28:51",711,"2025-01-16 10:28:51",1
153,162,1835,27,"2025-01-16 16:23:17",27,"2025-01-16 16:23:17",1
154,163,3645,27,"2025-01-16 16:36:09",27,"2025-01-16 16:36:09",1
155,164,2451,27,"2025-01-16 16:40:58",27,"2025-01-16 16:40:58",1
156,165,3274,235,"2025-01-17 11:01:49",235,"2025-01-17 11:01:49",1
157,166,1196,27,"2025-01-17 11:32:15",27,"2025-01-17 11:32:15",1
158,167,2249,27,"2025-01-17 11:48:12",27,"2025-01-17 11:48:12",1
159,168,2467,235,"2025-01-17 11:56:23",235,"2025-01-17 11:56:23",1
160,169,1192,27,"2025-01-17 15:33:48",27,"2025-01-17 15:33:48",1
161,170,2569,27,"2025-01-17 15:36:51",27,"2025-01-17 15:36:51",1
162,171,3323,27,"2025-01-20 12:05:34",27,"2025-01-20 12:05:34",1
163,172,3854,235,"2025-01-20 14:25:11",235,"2025-01-20 14:25:11",1
164,173,3246,27,"2025-01-20 14:45:16",27,"2025-01-20 14:45:16",1
165,174,2963,268,"2025-01-20 15:35:22",268,"2025-01-20 15:35:22",1
166,175,4019,27,"2025-01-20 16:07:39",27,"2025-01-20 16:07:39",1
167,176,2677,235,"2025-01-21 11:08:39",235,"2025-01-21 11:08:39",1
168,177,4106,268,"2025-01-23 12:10:37",268,"2025-01-23 12:10:37",1
169,178,2488,27,"2025-01-23 14:42:21",27,"2025-01-23 14:42:21",1
170,179,2519,27,"2025-01-23 15:41:02",27,"2025-01-23 15:41:02",1
171,180,3288,268,"2025-01-24 07:48:16",268,"2025-01-24 07:48:16",1
172,181,4018,235,"2025-01-24 15:52:38",235,"2025-01-24 15:52:38",1
173,182,3665,235,"2025-01-27 14:50:24",235,"2025-01-27 14:50:24",1
174,183,2144,235,"2025-01-27 14:55:32",235,"2025-01-27 14:55:32",1
175,184,2216,235,"2025-01-27 15:08:38",235,"2025-01-27 15:08:38",1
176,185,3271,235,"2025-01-27 15:32:44",235,"2025-01-27 15:32:44",1
177,186,67,711,"2025-01-28 08:54:37",711,"2025-01-28 08:54:37",1
178,187,3676,27,"2025-01-28 09:27:46",27,"2025-01-28 09:27:46",1
179,188,2028,711,"2025-01-28 10:33:54",711,"2025-01-28 10:33:54",1
180,189,1856,235,"2025-01-28 13:38:36",235,"2025-01-28 13:38:36",1
181,190,3302,235,"2025-01-28 14:19:06",235,"2025-01-28 14:19:06",1
182,191,992,711,"2025-01-28 15:22:54",711,"2025-01-28 15:22:54",1
183,192,3068,235,"2025-01-28 16:24:41",235,"2025-01-28 16:24:41",1
184,193,4217,235,"2025-01-28 17:01:58",235,"2025-01-28 17:01:58",1
185,194,2566,27,"2025-01-29 09:24:42",27,"2025-01-29 09:24:42",1
187,196,3731,27,"2025-01-29 11:38:31",27,"2025-01-29 11:38:31",1
188,197,4208,27,"2025-01-29 13:38:18",27,"2025-01-29 13:38:18",1
189,198,1177,711,"2025-01-30 07:44:05",711,"2025-01-30 07:44:05",1
190,199,2507,235,"2025-01-30 11:39:07",235,"2025-01-30 11:39:07",1
191,200,3609,235,"2025-01-30 13:19:52",235,"2025-01-30 13:19:52",1
192,201,2796,27,"2025-01-31 08:38:08",27,"2025-01-31 08:38:08",1
193,202,2589,27,"2025-01-31 08:44:19",27,"2025-01-31 08:44:19",1
194,203,3090,27,"2025-01-31 08:50:12",27,"2025-01-31 08:50:12",1
195,204,2630,27,"2025-01-31 08:54:46",27,"2025-01-31 08:54:46",1
197,206,2283,711,"2025-02-03 09:45:38",711,"2025-02-03 09:45:38",1
198,207,3689,268,"2025-02-03 12:21:07",268,"2025-02-03 12:21:07",1
199,208,3321,268,"2025-02-03 13:20:25",268,"2025-02-03 13:20:25",1
200,209,2987,268,"2025-02-04 14:17:15",268,"2025-02-04 14:17:15",1
201,210,41,235,"2025-02-04 15:37:18",235,"2025-02-04 15:37:18",1
202,211,4079,268,"2025-02-04 16:37:08",268,"2025-02-04 16:37:08",1
203,212,2920,268,"2025-02-05 09:11:15",268,"2025-02-05 09:11:15",1
204,213,1847,27,"2025-02-05 10:59:16",27,"2025-02-05 10:59:16",1
205,214,2513,268,"2025-02-05 11:59:15",268,"2025-02-05 11:59:15",1
206,215,2487,268,"2025-02-05 13:15:59",268,"2025-02-05 13:15:59",1
207,216,2480,268,"2025-02-05 13:41:22",268,"2025-02-05 13:41:22",1
208,217,2939,27,"2025-02-05 15:41:38",27,"2025-02-05 15:41:38",1
210,219,3921,27,"2025-02-05 15:49:21",27,"2025-02-05 15:49:21",1
211,220,3090,268,"2025-02-06 08:50:03",268,"2025-02-06 08:50:03",1
212,221,2479,268,"2025-02-06 12:22:02",268,"2025-02-06 12:22:02",0
213,221,2490,268,"2025-02-06 12:22:02",268,"2025-02-06 12:22:02",1
214,222,3412,27,"2025-02-06 12:28:28",27,"2025-02-06 12:28:28",1
215,223,2382,268,"2025-02-06 13:06:41",268,"2025-02-06 13:06:41",1
216,224,2381,268,"2025-02-06 13:16:42",268,"2025-02-06 13:16:42",1
217,225,2353,268,"2025-02-06 13:38:57",268,"2025-02-06 13:38:57",1
218,226,2263,268,"2025-02-06 13:51:54",268,"2025-02-06 13:51:54",1
219,227,3381,27,"2025-02-06 14:06:57",27,"2025-02-06 14:06:57",1
220,228,3355,27,"2025-02-06 14:09:03",27,"2025-02-06 14:09:03",1
221,229,3883,27,"2025-02-06 15:27:16",27,"2025-02-06 15:27:16",1
222,230,4005,235,"2025-02-06 16:25:14",235,"2025-02-06 16:25:14",1
223,231,3390,235,"2025-02-06 16:32:14",235,"2025-02-06 16:32:14",1
224,232,3884,268,"2025-02-07 12:09:56",268,"2025-02-07 12:09:56",1
225,233,4157,268,"2025-02-07 14:47:52",268,"2025-02-07 14:47:52",1
226,234,3116,711,"2025-02-11 08:26:32",711,"2025-02-11 08:26:32",1
227,235,2983,27,"2025-02-11 08:57:57",27,"2025-02-11 08:57:57",1
228,236,3313,27,"2025-02-11 09:21:40",27,"2025-02-11 09:21:40",1
229,237,2020,27,"2025-02-11 13:51:16",27,"2025-02-11 13:51:16",1
230,238,3603,711,"2025-02-11 14:21:54",711,"2025-02-11 14:21:54",1
231,239,2342,27,"2025-02-12 11:30:41",27,"2025-02-12 11:30:41",1
232,240,1069,27,"2025-02-13 09:50:05",27,"2025-02-13 09:50:05",1
233,241,2735,235,"2025-02-13 13:36:27",235,"2025-02-13 13:36:27",1
234,242,3282,27,"2025-02-14 08:38:23",27,"2025-02-14 08:38:23",1
235,243,4001,27,"2025-02-14 09:10:40",27,"2025-02-14 09:10:40",1
236,244,3731,27,"2025-02-14 09:22:35",27,"2025-02-14 09:22:35",1
237,245,3846,268,"2025-02-14 11:09:19",268,"2025-02-14 11:09:19",1
238,246,1592,235,"2025-02-14 14:21:34",235,"2025-02-14 14:21:34",1
239,247,3245,235,"2025-02-19 15:45:58",235,"2025-02-19 15:45:58",1
240,248,3338,235,"2025-02-20 13:56:22",235,"2025-02-20 13:56:22",1
241,249,2874,27,"2025-02-20 16:56:20",27,"2025-02-20 16:56:20",1
242,250,1778,27,"2025-02-21 12:02:07",27,"2025-02-21 12:02:07",1
243,251,2216,27,"2025-02-21 12:07:32",27,"2025-02-21 12:07:32",1
244,252,3753,27,"2025-02-21 12:14:24",27,"2025-02-21 12:14:24",1
245,253,2811,27,"2025-02-21 13:27:46",27,"2025-02-21 13:27:46",1
246,254,3467,27,"2025-02-21 13:52:37",27,"2025-02-21 13:52:37",1
247,255,2747,27,"2025-02-21 14:05:09",27,"2025-02-21 14:05:09",1
248,256,2761,27,"2025-02-21 14:08:06",27,"2025-02-21 14:08:06",1
249,257,2767,27,"2025-02-21 14:09:33",27,"2025-02-21 14:09:33",1
250,258,2573,27,"2025-02-21 14:11:25",27,"2025-02-21 14:40:16",0
251,258,3738,27,"2025-02-21 14:40:16",27,"2025-02-21 14:40:16",1
252,259,3874,27,"2025-02-21 14:53:51",27,"2025-02-21 14:53:51",1
253,260,3825,235,"2025-02-21 14:55:03",235,"2025-02-21 14:55:03",1
254,261,3941,27,"2025-02-21 14:57:34",27,"2025-02-21 14:57:34",1
255,262,4025,27,"2025-02-21 15:05:48",27,"2025-02-21 15:05:48",1
256,263,2615,235,"2025-02-24 10:24:36",235,"2025-02-24 10:24:36",1
257,264,4002,27,"2025-02-25 09:31:06",27,"2025-02-25 09:31:06",1
259,266,2708,27,"2025-02-25 09:35:30",27,"2025-02-25 09:35:30",1
260,267,3493,27,"2025-02-25 09:44:30",27,"2025-02-25 09:44:30",1
261,268,2685,27,"2025-02-25 09:48:42",27,"2025-02-25 09:48:42",1
262,269,2132,268,"2025-02-25 12:08:13",268,"2025-02-25 12:08:13",1
263,270,4206,268,"2025-02-26 09:33:01",268,"2025-02-26 09:33:01",1
264,271,1924,235,"2025-02-26 10:41:25",235,"2025-02-26 10:41:25",1
265,272,3555,268,"2025-02-26 10:45:51",268,"2025-02-26 10:45:51",1
266,273,3525,235,"2025-02-26 14:13:02",235,"2025-02-26 14:13:02",1
267,274,4220,268,"2025-02-27 11:41:20",268,"2025-02-27 11:41:20",1
268,275,3359,268,"2025-02-28 09:42:32",268,"2025-02-28 09:42:32",1
269,276,2810,27,"2025-02-28 11:39:30",27,"2025-02-28 11:39:30",1
270,277,3798,27,"2025-02-28 12:03:11",27,"2025-02-28 12:03:11",1
271,278,3781,235,"2025-03-03 11:31:29",235,"2025-03-03 11:31:29",1
272,279,3011,235,"2025-03-03 11:44:45",235,"2025-03-03 11:44:45",1
273,280,3414,268,"2025-03-04 13:34:26",268,"2025-03-04 13:34:26",1
274,281,3096,268,"2025-03-04 16:30:25",268,"2025-03-04 16:30:25",1
275,282,3924,268,"2025-03-06 16:14:30",268,"2025-03-06 16:14:30",1
276,283,4415,27,"2025-03-07 13:30:55",27,"2025-03-07 13:30:55",1
277,284,4394,27,"2025-03-07 13:39:16",27,"2025-03-07 13:39:16",1
278,285,2056,235,"2025-03-10 11:37:28",235,"2025-03-10 11:37:28",1
279,286,2130,235,"2025-03-11 12:09:42",235,"2025-03-11 12:09:42",1
280,287,4379,235,"2025-03-11 16:54:11",235,"2025-03-11 16:54:11",1
281,288,4174,235,"2025-03-12 09:38:03",235,"2025-03-12 09:38:03",1
282,289,3883,711,"2025-03-13 15:28:26",711,"2025-03-13 15:28:26",1
283,290,3757,235,"2025-03-13 15:40:42",235,"2025-03-13 15:40:42",1
284,291,2454,235,"2025-03-13 15:46:59",235,"2025-03-13 15:46:59",1
285,292,3046,235,"2025-03-14 15:57:50",235,"2025-03-14 15:57:50",1
286,293,2928,235,"2025-03-17 09:48:50",235,"2025-03-17 09:48:50",1
288,295,3883,711,"2025-03-18 15:38:14",711,"2025-03-18 15:38:14",1
289,296,2860,27,"2025-03-18 16:11:21",27,"2025-03-18 16:11:21",1
290,297,2911,268,"2025-03-19 13:57:51",268,"2025-03-19 13:57:51",1
291,298,981,711,"2025-03-21 07:39:37",711,"2025-03-21 07:39:37",1
292,299,869,711,"2025-03-21 07:54:26",711,"2025-03-21 07:54:26",1
293,300,4157,711,"2025-03-21 08:57:35",711,"2025-03-21 08:57:35",1
294,301,2911,268,"2025-03-21 12:23:48",268,"2025-03-21 12:23:48",1
295,302,3579,711,"2025-03-24 08:35:14",711,"2025-03-24 08:35:14",1
296,303,2963,711,"2025-03-24 08:38:53",711,"2025-03-24 08:38:53",1
297,304,2156,711,"2025-03-24 13:36:16",711,"2025-03-24 13:36:16",1
299,306,3024,27,"2025-03-24 15:15:16",27,"2025-03-24 15:15:16",1
300,307,4171,268,"2025-03-25 15:22:43",268,"2025-03-25 15:22:43",1
301,308,4059,268,"2025-03-26 09:54:52",268,"2025-03-26 09:54:52",1
302,309,4310,235,"2025-03-26 11:11:10",235,"2025-03-26 11:11:10",1
303,310,3921,235,"2025-03-26 13:15:53",235,"2025-03-26 13:15:53",1
304,311,3686,235,"2025-03-26 13:34:54",235,"2025-03-26 13:34:54",1
305,312,3207,235,"2025-03-26 13:38:47",235,"2025-03-26 13:38:47",1
306,313,1847,27,"2025-03-27 09:19:29",27,"2025-03-27 09:19:29",1
307,314,2743,27,"2025-03-27 11:21:35",27,"2025-03-27 11:21:35",1
308,315,3790,27,"2025-03-27 11:28:20",27,"2025-03-27 11:28:20",1
309,316,4404,268,"2025-03-31 09:38:12",268,"2025-03-31 09:38:12",1
310,317,3408,268,"2025-03-31 11:45:21",268,"2025-03-31 11:45:21",1
311,318,2814,268,"2025-03-31 12:23:42",268,"2025-03-31 12:23:42",1
312,319,2514,27,"2025-04-01 09:08:49",27,"2025-04-01 09:08:49",1
313,320,3017,27,"2025-04-01 09:22:44",27,"2025-04-01 09:22:44",1
314,321,3320,268,"2025-04-01 10:53:40",268,"2025-04-01 10:53:40",1
315,322,2965,268,"2025-04-02 15:13:37",268,"2025-04-02 15:13:37",1
316,323,3627,27,"2025-04-02 16:39:11",27,"2025-04-02 16:39:11",1
317,324,2981,27,"2025-04-02 16:54:45",27,"2025-04-02 16:54:45",1
318,325,3912,235,"2025-04-03 08:58:01",235,"2025-04-03 08:58:01",1
319,326,3526,27,"2025-04-03 09:09:01",27,"2025-04-03 09:09:01",1
320,327,2980,27,"2025-04-03 09:24:33",27,"2025-04-03 09:24:33",1
321,328,3779,27,"2025-04-03 09:32:48",27,"2025-04-03 09:32:48",1
322,329,1434,711,"2025-04-03 10:00:20",711,"2025-04-03 10:00:20",1
323,330,1192,235,"2025-04-03 10:06:59",235,"2025-04-03 10:06:59",1
324,331,212,711,"2025-04-03 10:38:16",711,"2025-04-03 10:38:16",1
325,332,4349,235,"2025-04-03 13:05:42",235,"2025-04-03 13:05:42",1
326,333,2283,711,"2025-04-03 13:35:02",711,"2025-04-03 13:35:02",1
327,334,3029,235,"2025-04-03 14:15:11",235,"2025-04-03 14:15:11",1
328,335,3214,235,"2025-04-03 14:32:04",235,"2025-04-03 14:32:04",1
329,336,3651,431,"2025-04-03 15:13:09",431,"2025-04-03 15:13:09",1
330,337,4206,711,"2025-04-03 15:50:03",711,"2025-04-03 15:50:03",1
331,338,2467,27,"2025-04-03 16:26:52",27,"2025-04-03 16:26:52",1
332,339,3916,81,"2025-04-03 17:51:53",81,"2025-04-03 17:51:53",1
333,340,4333,235,"2025-04-04 11:49:34",235,"2025-04-04 11:49:34",1
334,341,4338,235,"2025-04-04 11:53:58",235,"2025-04-04 11:53:58",1
335,342,994,27,"2025-04-07 08:56:13",235,"2025-04-07 09:09:57",1
336,342,993,235,"2025-04-07 09:09:44",235,"2025-04-07 09:09:57",0
337,343,464,235,"2025-04-07 11:57:29",235,"2025-04-07 11:57:29",1
338,344,3245,235,"2025-04-07 13:55:15",235,"2025-04-07 13:55:15",1
339,345,2779,81,"2025-04-07 20:59:09",81,"2025-04-07 20:59:09",1
340,346,2335,711,"2025-04-08 11:57:00",711,"2025-04-08 11:57:00",1
341,347,3493,711,"2025-04-08 14:00:02",711,"2025-04-08 14:00:02",1
342,348,3308,711,"2025-04-10 08:32:07",711,"2025-04-10 08:32:07",1
343,349,3041,235,"2025-04-10 12:14:11",235,"2025-04-10 12:14:11",1
344,350,3731,711,"2025-04-10 14:06:09",711,"2025-04-10 14:06:09",1
345,351,4502,268,"2025-04-10 16:15:26",268,"2025-04-10 16:15:26",1
346,352,3338,268,"2025-04-11 12:15:12",268,"2025-04-11 12:15:12",1
347,353,3472,268,"2025-04-11 13:18:26",268,"2025-04-11 13:18:26",1
348,354,3890,27,"2025-04-14 09:11:18",27,"2025-04-14 09:11:18",1
349,355,2963,711,"2025-04-14 09:20:03",711,"2025-04-14 09:20:03",1
350,356,3579,711,"2025-04-14 15:56:56",711,"2025-04-14 15:56:56",1
351,357,4192,235,"2025-04-15 09:30:33",235,"2025-04-15 09:30:33",1
352,358,3665,81,"2025-04-15 13:44:31",81,"2025-04-15 13:44:31",1
353,359,2871,235,"2025-04-15 16:09:02",235,"2025-04-15 16:09:02",1
354,360,4341,431,"2025-04-16 20:33:45",431,"2025-04-16 20:33:45",1
355,361,2402,268,"2025-04-17 09:37:59",268,"2025-04-17 09:37:59",1
356,362,3887,268,"2025-04-17 15:56:30",268,"2025-04-17 15:56:30",1
357,363,3016,81,"2025-04-21 16:59:52",81,"2025-04-21 16:59:52",1
358,364,3513,27,"2025-04-22 15:22:40",27,"2025-04-22 15:22:40",1
359,365,3674,27,"2025-04-22 15:32:05",27,"2025-04-22 15:32:05",1
360,366,3601,27,"2025-04-22 15:53:46",27,"2025-04-22 15:53:46",1
361,367,4050,81,"2025-04-22 18:15:08",81,"2025-04-22 18:15:08",1
362,368,3103,81,"2025-04-22 20:03:22",81,"2025-04-22 20:03:22",1
363,369,3573,81,"2025-04-22 20:24:39",81,"2025-04-22 20:24:39",1
364,370,2532,867,"2025-04-23 00:28:16",867,"2025-04-23 00:28:16",1
365,371,2843,81,"2025-04-23 23:05:09",81,"2025-04-23 23:05:09",1
366,372,4132,27,"2025-04-24 08:34:59",27,"2025-04-24 08:34:59",1
367,373,2480,27,"2025-04-24 13:13:01",27,"2025-04-24 13:13:01",1
368,374,994,27,"2025-04-24 14:19:03",27,"2025-04-24 14:19:03",1
369,375,3302,711,"2025-04-25 13:25:20",711,"2025-04-25 13:25:20",1
370,376,4303,235,"2025-04-28 09:46:26",235,"2025-04-28 09:46:26",1
371,377,3013,268,"2025-04-29 09:18:14",268,"2025-04-29 09:18:14",1
372,378,3871,235,"2025-04-29 15:22:07",235,"2025-04-29 15:22:07",1
373,379,3860,235,"2025-04-29 16:00:58",235,"2025-04-29 16:00:58",1
374,380,2992,235,"2025-04-30 15:09:31",235,"2025-04-30 15:09:31",1
375,381,1125,235,"2025-04-30 16:08:39",235,"2025-04-30 16:08:39",1
376,382,3937,81,"2025-05-01 13:53:37",81,"2025-05-01 13:53:37",1
377,383,2528,235,"2025-05-01 15:27:38",235,"2025-05-01 15:27:38",1
378,384,4571,268,"2025-05-01 16:55:47",268,"2025-05-01 16:55:47",1
379,385,2390,268,"2025-05-02 15:23:30",268,"2025-05-02 15:23:30",1
380,386,4484,27,"2025-05-02 16:34:11",27,"2025-05-02 16:34:11",1
381,387,3503,235,"2025-05-06 09:11:36",235,"2025-05-06 09:11:36",1
382,388,4208,268,"2025-05-06 10:10:51",268,"2025-05-06 10:10:51",1
385,391,1122,711,"2025-05-06 13:17:07",711,"2025-05-06 13:17:07",1
386,392,3502,711,"2025-05-06 13:22:06",711,"2025-05-06 13:22:06",1
387,393,3756,81,"2025-05-06 18:21:35",81,"2025-05-06 18:21:35",1
388,394,2633,268,"2025-05-07 09:02:42",268,"2025-05-07 09:02:42",1
389,395,3268,268,"2025-05-07 10:06:37",268,"2025-05-07 10:06:37",1
390,396,2503,268,"2025-05-07 14:59:34",268,"2025-05-07 14:59:34",1
391,397,4162,235,"2025-05-08 10:06:22",235,"2025-05-08 10:06:22",1
392,398,4497,268,"2025-05-09 09:02:13",268,"2025-05-09 09:02:13",1
393,399,3024,711,"2025-05-12 07:20:39",711,"2025-05-12 07:20:39",1
394,400,2967,235,"2025-05-12 10:33:58",235,"2025-05-12 10:33:58",1
395,401,4488,235,"2025-05-12 15:36:17",235,"2025-05-12 15:36:17",1
396,402,451,235,"2025-05-12 16:05:52",235,"2025-05-12 16:05:52",1
399,405,4210,235,"2025-05-13 16:01:46",235,"2025-05-13 16:01:46",1
400,406,3591,235,"2025-05-13 16:06:42",235,"2025-05-13 16:06:42",1
401,407,3666,81,"2025-05-13 16:33:11",81,"2025-05-13 16:33:11",1
402,408,4295,235,"2025-05-14 13:55:47",235,"2025-05-14 13:55:47",1
403,409,550,27,"2025-05-15 09:16:03",27,"2025-05-15 09:16:03",1
404,410,817,27,"2025-05-15 09:18:50",27,"2025-05-15 09:18:50",1
405,411,3845,235,"2025-05-15 09:31:28",235,"2025-05-15 09:31:28",1
406,412,2265,235,"2025-05-15 10:45:45",235,"2025-05-15 10:45:45",1
407,413,2662,27,"2025-05-15 15:48:44",27,"2025-05-15 15:48:44",1
408,414,4314,235,"2025-05-16 10:30:57",235,"2025-05-16 10:30:57",1
409,415,3029,235,"2025-05-16 16:33:28",235,"2025-05-16 16:33:28",1
410,416,4193,431,"2025-05-17 00:06:57",431,"2025-05-17 00:06:57",1
411,417,3541,27,"2025-05-19 09:12:00",27,"2025-05-19 09:12:00",1
412,418,4416,235,"2025-05-19 18:28:04",235,"2025-05-19 18:28:04",1
413,419,4530,81,"2025-05-19 19:44:36",81,"2025-05-19 19:44:36",1
414,420,4150,268,"2025-05-21 08:34:17",268,"2025-05-21 08:34:17",1
415,421,4569,27,"2025-05-22 08:48:41",27,"2025-05-22 08:48:41",1
416,422,4189,235,"2025-05-22 10:58:47",235,"2025-05-22 10:58:47",1
417,423,3468,431,"2025-05-23 00:39:49",431,"2025-05-23 00:39:49",1
418,424,2914,235,"2025-05-23 08:55:54",235,"2025-05-23 08:55:54",1
419,425,4076,27,"2025-05-23 11:37:38",27,"2025-05-23 11:37:38",1
420,426,2952,27,"2025-05-23 13:55:44",27,"2025-05-23 13:55:44",1
421,427,2056,27,"2025-05-23 14:00:26",27,"2025-05-23 14:00:26",1
424,430,4212,27,"2025-05-23 14:15:01",27,"2025-05-23 14:15:01",1
425,431,4131,27,"2025-05-26 09:05:50",27,"2025-05-26 09:05:50",1
426,432,4184,27,"2025-05-26 09:14:30",27,"2025-05-26 09:14:30",1
427,433,2986,27,"2025-05-26 09:20:46",27,"2025-05-26 09:20:46",1
428,434,4759,268,"2025-05-27 13:31:59",268,"2025-05-27 13:31:59",1
429,435,4374,431,"2025-05-27 16:39:00",431,"2025-05-27 16:39:00",1
430,436,4703,268,"2025-05-28 10:04:25",268,"2025-05-28 10:04:25",1
431,437,3870,235,"2025-05-28 16:01:27",235,"2025-05-28 16:01:27",1
432,438,3489,820,"2025-06-02 09:19:04",820,"2025-06-02 09:19:04",1
433,439,869,27,"2025-06-02 14:57:41",27,"2025-06-02 14:57:41",1
434,440,4754,27,"2025-06-02 15:34:24",27,"2025-06-02 15:34:24",1
435,441,147,27,"2025-06-03 11:32:10",27,"2025-06-03 11:32:10",1
436,442,3928,431,"2025-06-03 19:23:59",431,"2025-06-03 19:23:59",1
437,443,2444,81,"2025-06-03 19:31:50",81,"2025-06-03 19:31:50",1
438,444,4753,235,"2025-06-04 09:24:28",235,"2025-06-04 09:24:28",1
439,445,4204,81,"2025-06-04 13:52:16",81,"2025-06-04 13:52:16",1
440,446,3901,876,"2025-06-04 17:35:21",876,"2025-06-04 17:35:21",1
441,447,2911,711,"2025-06-05 11:13:28",711,"2025-06-05 11:13:28",1
442,448,3298,867,"2025-06-06 00:39:30",867,"2025-06-06 00:39:30",1
443,449,2534,867,"2025-06-06 00:46:13",867,"2025-06-06 00:46:13",1
444,450,3273,867,"2025-06-06 00:54:30",867,"2025-06-06 00:54:30",1
448,454,3246,711,"2025-06-06 07:40:24",711,"2025-06-06 07:40:24",1
452,458,1185,711,"2025-06-06 13:48:33",711,"2025-06-06 13:48:33",1
453,459,3411,27,"2025-06-06 16:33:10",27,"2025-06-06 16:33:10",1
454,460,4170,431,"2025-06-10 15:52:23",431,"2025-06-10 15:52:23",1
455,461,3033,867,"2025-06-10 15:56:47",867,"2025-06-10 15:56:47",1
456,462,3839,867,"2025-06-10 16:08:14",867,"2025-06-10 16:08:14",1
457,463,2551,268,"2025-06-11 13:36:47",268,"2025-06-11 13:36:47",1
458,464,4711,268,"2025-06-11 14:01:55",268,"2025-06-11 14:01:55",1
459,465,3387,268,"2025-06-11 14:35:40",268,"2025-06-11 14:35:40",1
460,466,2292,268,"2025-06-12 08:02:34",268,"2025-06-12 08:02:34",1
461,467,4670,235,"2025-06-12 15:56:38",235,"2025-06-12 15:56:38",1
462,468,3078,81,"2025-06-12 17:27:29",81,"2025-06-12 17:27:29",1
463,469,3176,81,"2025-06-12 17:49:55",81,"2025-06-12 17:49:55",1
464,470,2034,235,"2025-06-13 10:54:23",235,"2025-06-13 10:54:23",1
465,471,3559,235,"2025-06-13 15:07:32",235,"2025-06-13 15:07:32",1
466,472,2639,235,"2025-06-13 15:13:36",235,"2025-06-13 15:13:36",1
467,473,2735,235,"2025-06-13 15:31:42",235,"2025-06-13 15:31:42",1
468,474,3479,235,"2025-06-13 15:47:48",235,"2025-06-13 15:47:48",1
469,475,4567,81,"2025-06-13 18:51:35",81,"2025-06-13 18:51:35",1
470,476,2665,235,"2025-06-16 12:20:37",235,"2025-06-16 12:20:37",1
471,477,4472,235,"2025-06-16 12:31:55",235,"2025-06-16 12:31:55",1
472,478,3525,235,"2025-06-16 14:46:56",235,"2025-06-16 14:46:56",1
473,479,3007,235,"2025-06-17 14:43:35",235,"2025-06-17 14:43:35",1
474,480,2793,431,"2025-06-17 16:52:46",431,"2025-06-17 16:52:46",1
475,481,4043,81,"2025-06-17 22:55:17",81,"2025-06-17 22:55:17",1
476,482,3494,27,"2025-06-18 10:59:26",27,"2025-06-18 10:59:26",1
477,483,3610,27,"2025-06-18 11:03:41",27,"2025-06-18 11:03:41",1
478,484,3782,27,"2025-06-18 11:06:28",27,"2025-06-18 11:06:28",1
479,485,3072,27,"2025-06-18 11:10:18",27,"2025-06-18 11:10:18",1
480,486,3604,992,"2025-06-19 10:50:26",992,"2025-06-19 10:50:26",1
481,487,2759,992,"2025-06-19 14:03:33",992,"2025-06-19 14:03:33",1
482,488,4663,235,"2025-06-19 15:28:21",235,"2025-06-19 15:28:21",1
483,489,3910,235,"2025-06-19 16:00:41",235,"2025-06-19 16:00:41",1
484,490,2964,27,"2025-06-20 09:16:43",27,"2025-06-20 09:16:43",1
485,491,2348,27,"2025-06-20 16:49:25",27,"2025-06-20 16:49:25",1
486,492,2721,235,"2025-06-23 16:48:32",235,"2025-06-23 16:48:32",1
487,493,3454,27,"2025-06-24 10:20:35",27,"2025-06-24 10:20:35",1
488,494,1187,235,"2025-06-24 10:46:46",235,"2025-06-24 10:46:46",1
489,495,2362,235,"2025-06-24 13:14:51",235,"2025-06-24 13:14:51",1
490,496,4626,235,"2025-06-24 16:03:32",235,"2025-06-24 16:03:32",1
491,497,3772,81,"2025-06-24 21:47:40",81,"2025-06-24 21:47:40",1
492,498,4675,235,"2025-06-25 09:24:48",235,"2025-06-25 09:24:48",1
493,499,3407,235,"2025-06-25 11:13:27",235,"2025-06-25 11:13:27",1
494,500,4662,235,"2025-06-25 12:17:26",235,"2025-06-25 12:17:26",1
495,501,3945,235,"2025-06-25 16:52:55",235,"2025-06-25 16:52:55",1
496,502,4617,235,"2025-06-26 08:57:05",235,"2025-06-26 08:57:05",1
497,503,3452,235,"2025-06-26 12:13:25",235,"2025-06-26 12:13:25",1
498,504,4764,235,"2025-06-26 13:23:57",235,"2025-06-26 13:23:57",1
499,505,3733,992,"2025-06-26 14:22:10",992,"2025-06-26 14:22:10",1
500,506,1542,235,"2025-06-26 14:47:29",235,"2025-06-26 14:47:29",1
501,507,3440,81,"2025-06-26 23:05:44",81,"2025-06-26 23:05:44",1
502,508,3174,235,"2025-06-27 11:49:52",235,"2025-06-27 11:49:52",1
503,509,3174,27,"2025-06-30 12:12:02",27,"2025-06-30 12:12:02",1
504,510,3350,27,"2025-06-30 14:46:34",27,"2025-06-30 14:46:34",1
505,511,3013,268,"2025-06-30 16:40:32",268,"2025-06-30 16:40:32",1
506,512,4417,81,"2025-06-30 20:10:44",81,"2025-06-30 20:10:44",1
507,513,3834,81,"2025-06-30 20:36:36",81,"2025-06-30 20:36:36",1
508,514,3297,27,"2025-07-01 08:55:58",27,"2025-07-01 08:55:58",1
509,515,4763,27,"2025-07-01 09:34:18",27,"2025-07-01 09:34:18",1
510,516,1802,235,"2025-07-01 10:41:02",235,"2025-07-01 10:41:02",1
511,517,4376,268,"2025-07-01 10:54:46",268,"2025-07-01 10:54:46",1
512,518,1649,235,"2025-07-01 11:07:19",235,"2025-07-01 11:07:19",1
513,519,2464,27,"2025-07-02 16:50:23",27,"2025-07-02 16:50:23",1
515,521,4130,81,"2025-07-02 18:58:31",81,"2025-07-02 18:58:31",1
516,522,3543,27,"2025-07-03 08:48:21",27,"2025-07-03 08:48:21",1
517,523,3838,27,"2025-07-03 08:59:01",27,"2025-07-03 08:59:01",1
518,524,4706,235,"2025-07-03 12:18:27",235,"2025-07-03 12:18:27",1
519,525,3580,268,"2025-07-03 12:34:19",268,"2025-07-03 12:34:19",1
520,526,3451,876,"2025-07-03 14:31:41",876,"2025-07-03 14:31:41",1
521,527,2931,27,"2025-07-03 16:09:42",27,"2025-07-03 16:09:42",1
522,528,4391,81,"2025-07-03 22:48:17",81,"2025-07-03 22:48:17",1
523,529,1420,235,"2025-07-04 09:08:48",235,"2025-07-04 09:08:48",1
524,530,2816,711,"2025-07-04 09:16:04",711,"2025-07-04 09:16:04",1
525,531,4830,683,"2025-07-07 09:29:47",683,"2025-07-07 09:29:47",1
526,532,4123,235,"2025-07-07 15:08:36",235,"2025-07-07 15:08:36",1
527,533,2982,235,"2025-07-07 16:50:57",235,"2025-07-07 16:50:57",1
528,534,3768,81,"2025-07-07 18:01:48",81,"2025-07-07 18:01:48",1
529,535,2039,27,"2025-07-08 08:58:40",27,"2025-07-08 08:58:40",1
530,536,1458,27,"2025-07-08 09:03:31",27,"2025-07-08 09:03:31",1
531,537,3141,268,"2025-07-08 13:39:11",268,"2025-07-08 13:39:11",1
532,538,3670,81,"2025-07-08 18:03:17",81,"2025-07-08 18:03:17",1
533,539,4967,268,"2025-07-10 10:53:44",268,"2025-07-10 10:53:44",0
534,539,4797,268,"2025-07-10 10:53:44",268,"2025-07-10 10:53:44",1
535,540,1689,27,"2025-07-10 16:00:42",27,"2025-07-10 16:00:42",1
536,541,3063,27,"2025-07-11 13:12:32",27,"2025-07-11 13:12:32",1
537,542,4945,268,"2025-07-11 13:18:13",268,"2025-07-11 13:18:13",1
538,543,4802,27,"2025-07-11 14:29:21",27,"2025-07-11 14:29:21",1
539,544,4300,268,"2025-07-11 16:16:01",268,"2025-07-11 16:16:01",1
542,547,3636,27,"2025-07-11 16:53:57",27,"2025-07-11 16:53:57",1
543,548,3518,268,"2025-07-14 15:13:16",268,"2025-07-14 15:13:16",1
544,549,3531,268,"2025-07-14 15:31:25",268,"2025-07-14 15:31:25",1
545,550,2841,81,"2025-07-15 20:22:55",81,"2025-07-15 20:22:55",1
546,551,3377,268,"2025-07-16 14:46:16",268,"2025-07-16 14:46:16",1
547,552,3185,81,"2025-07-16 18:29:54",81,"2025-07-16 18:29:54",1
548,553,3443,81,"2025-07-16 22:47:30",81,"2025-07-16 22:47:30",1
549,554,3304,711,"2025-07-17 13:19:44",711,"2025-07-17 13:19:44",1
550,555,3952,431,"2025-07-17 14:13:43",431,"2025-07-17 14:13:43",1
551,556,3323,235,"2025-07-17 16:57:47",235,"2025-07-17 16:57:47",1
552,557,2462,235,"2025-07-17 17:02:14",235,"2025-07-17 17:02:14",1
553,558,2479,235,"2025-07-18 11:09:35",235,"2025-07-18 11:09:35",1
554,559,4915,235,"2025-07-18 16:23:14",235,"2025-07-18 16:23:14",1
555,560,4603,81,"2025-07-18 16:52:40",81,"2025-07-18 16:52:40",1
556,561,2416,27,"2025-07-21 08:41:12",27,"2025-07-21 08:41:12",1
557,562,2571,27,"2025-07-21 08:47:47",27,"2025-07-21 08:47:47",1
558,563,4202,27,"2025-07-21 08:55:17",27,"2025-07-21 08:55:17",1
559,564,578,27,"2025-07-21 08:58:14",27,"2025-07-21 08:58:14",1
560,565,601,27,"2025-07-21 09:03:14",27,"2025-07-21 09:03:14",1
561,566,604,27,"2025-07-21 09:05:01",27,"2025-07-21 09:05:01",1
562,567,588,27,"2025-07-21 09:06:56",27,"2025-07-21 09:06:56",1
563,568,670,27,"2025-07-21 09:08:44",27,"2025-07-21 09:08:44",1
564,569,603,27,"2025-07-21 09:10:27",27,"2025-07-21 09:10:27",1
565,570,3619,27,"2025-07-21 16:07:11",27,"2025-07-21 16:07:11",1
566,571,4313,27,"2025-07-21 16:15:04",27,"2025-07-21 16:15:04",1
567,572,2677,268,"2025-07-22 08:18:14",268,"2025-07-22 08:18:14",1
568,573,2335,27,"2025-07-22 16:59:15",27,"2025-07-22 16:59:15",1
569,574,2932,27,"2025-07-23 08:23:20",27,"2025-07-23 08:23:20",1
570,575,3049,27,"2025-07-23 08:26:03",27,"2025-07-23 08:26:03",1
571,576,4311,27,"2025-07-23 12:21:43",27,"2025-07-23 12:21:43",1
572,577,4504,268,"2025-07-24 08:25:28",268,"2025-07-24 08:25:28",1
573,578,2460,431,"2025-07-24 14:44:42",431,"2025-07-24 14:44:42",1
581,586,3728,268,"2025-07-25 12:28:29",268,"2025-07-25 12:28:29",1
586,591,1806,27,"2025-07-28 10:07:16",27,"2025-07-28 10:07:16",1
587,592,3912,27,"2025-07-28 10:25:25",27,"2025-07-28 10:25:25",1
588,593,3443,27,"2025-07-28 10:32:28",27,"2025-07-28 10:32:28",1
589,594,3135,27,"2025-07-28 10:38:04",27,"2025-07-28 10:38:04",1
596,601,2755,268,"2025-07-29 09:05:42",268,"2025-07-29 09:05:42",1
598,603,2985,711,"2025-07-29 12:09:27",711,"2025-07-29 12:09:27",1
599,604,3883,235,"2025-07-29 14:23:55",235,"2025-07-29 14:23:55",1
600,605,3013,268,"2025-07-29 15:41:05",268,"2025-07-29 15:41:05",1
601,606,3084,81,"2025-07-29 21:22:37",81,"2025-07-29 21:22:37",1
602,607,3602,268,"2025-07-30 12:28:16",268,"2025-07-30 12:28:16",1
604,609,2973,27,"2025-07-31 08:33:31",27,"2025-07-31 08:33:31",1
605,610,3041,235,"2025-08-01 10:35:04",235,"2025-08-01 10:35:04",1
606,611,2466,27,"2025-08-01 11:22:34",27,"2025-08-01 11:22:34",1
607,612,1535,711,"2025-08-01 14:17:27",711,"2025-08-01 14:17:27",1
608,613,2121,235,"2025-08-04 10:54:00",235,"2025-08-04 10:54:00",1
609,614,3854,235,"2025-08-04 15:36:37",235,"2025-08-04 15:36:37",1
610,615,1967,235,"2025-08-04 15:41:56",235,"2025-08-04 15:41:56",1
611,616,4652,431,"2025-08-04 15:59:10",431,"2025-08-04 15:59:10",1
612,617,4939,235,"2025-08-04 17:06:48",235,"2025-08-04 17:06:48",1
615,620,4933,235,"2025-08-05 13:59:43",235,"2025-08-05 13:59:43",1
616,621,51,235,"2025-08-06 17:21:23",235,"2025-08-06 17:21:23",1
617,622,3883,235,"2025-08-07 12:09:08",235,"2025-08-07 12:09:08",1
618,623,4901,235,"2025-08-07 12:14:20",235,"2025-08-07 12:14:20",1
619,624,3521,235,"2025-08-07 13:57:47",235,"2025-08-07 13:57:47",1
620,625,4991,235,"2025-08-07 14:00:34",235,"2025-08-07 14:00:34",1
622,627,3358,235,"2025-08-07 14:01:44",235,"2025-08-07 14:01:44",1
623,628,2760,235,"2025-08-07 14:02:44",235,"2025-08-07 14:02:44",1
624,629,5134,268,"2025-08-08 09:28:07",268,"2025-08-08 09:28:07",1
625,630,3739,235,"2025-08-08 10:47:19",235,"2025-08-08 10:47:19",1
626,631,4506,268,"2025-08-08 16:22:18",268,"2025-08-08 16:22:18",1
627,632,5066,268,"2025-08-08 16:44:57",268,"2025-08-08 16:44:57",1
628,633,5005,268,"2025-08-13 15:37:01",268,"2025-08-13 15:37:01",1
629,634,3517,268,"2025-08-14 09:33:54",268,"2025-08-14 09:33:54",1
630,635,4938,235,"2025-08-15 13:22:45",235,"2025-08-15 13:22:45",1
631,636,2510,235,"2025-08-15 13:58:26",235,"2025-08-15 13:58:26",1
632,637,3268,235,"2025-08-18 13:23:39",235,"2025-08-18 13:23:39",1
633,638,5099,235,"2025-08-18 17:09:09",235,"2025-08-18 17:09:09",1
634,639,3402,235,"2025-08-19 11:06:25",235,"2025-08-19 11:06:25",1
635,640,4491,268,"2025-08-19 11:21:43",268,"2025-08-19 11:21:43",1
636,641,3547,268,"2025-08-19 13:28:48",268,"2025-08-19 13:28:48",1
637,642,2866,268,"2025-08-20 10:26:58",268,"2025-08-20 10:26:58",1
638,643,3457,235,"2025-08-21 08:54:10",235,"2025-08-21 08:54:10",1
639,644,2379,235,"2025-08-21 08:58:18",235,"2025-08-21 08:58:18",1
640,645,2277,268,"2025-08-21 16:08:35",268,"2025-08-21 16:08:35",1
641,646,4918,268,"2025-08-22 10:27:27",268,"2025-08-22 10:27:27",1
642,647,4794,268,"2025-08-22 13:09:14",268,"2025-08-22 13:09:14",1
643,648,2020,711,"2025-08-25 07:43:18",711,"2025-08-25 07:43:18",1
644,649,3541,235,"2025-08-25 14:47:36",235,"2025-08-25 14:47:36",1
645,650,3052,268,"2025-08-26 09:08:57",268,"2025-08-26 09:08:57",1
646,651,3069,268,"2025-08-26 09:34:35",268,"2025-08-26 09:34:35",1
647,652,2060,27,"2025-08-26 10:15:26",27,"2025-08-26 10:15:26",1
648,653,3511,27,"2025-08-26 10:24:11",27,"2025-08-26 10:24:11",1
649,654,2998,27,"2025-08-28 10:09:53",27,"2025-08-28 10:09:53",1
650,655,3049,27,"2025-08-28 11:40:19",27,"2025-08-28 11:40:19",1
651,656,4586,235,"2025-08-28 12:06:11",235,"2025-08-28 12:06:11",1
652,657,4020,268,"2025-08-29 11:22:10",268,"2025-08-29 11:22:10",1
653,658,1811,27,"2025-08-29 13:47:15",27,"2025-08-29 13:47:15",1
654,659,1744,27,"2025-08-29 14:25:39",27,"2025-08-29 14:25:39",1
655,660,4206,27,"2025-09-03 09:03:32",27,"2025-09-03 09:03:32",1
656,661,3717,268,"2025-09-04 09:09:00",268,"2025-09-04 09:09:00",1
657,662,5176,268,"2025-09-04 10:17:37",268,"2025-09-04 10:17:37",1
658,663,5063,268,"2025-09-08 08:38:58",268,"2025-09-08 08:38:58",1
659,664,3458,27,"2025-09-08 10:09:07",27,"2025-09-08 10:09:07",1
660,665,3294,992,"2025-09-08 10:31:26",992,"2025-09-08 10:31:26",1
661,666,3356,27,"2025-09-08 11:08:52",27,"2025-09-08 11:08:52",1
662,667,2939,27,"2025-09-08 11:11:13",27,"2025-09-08 11:11:13",1
663,668,3380,27,"2025-09-08 11:13:32",27,"2025-09-08 11:13:32",1
664,669,2942,27,"2025-09-08 11:15:56",27,"2025-09-08 11:15:56",1
665,670,3138,27,"2025-09-08 11:23:18",27,"2025-09-08 11:23:18",1
666,671,2753,27,"2025-09-08 14:48:38",27,"2025-09-08 14:48:38",1
667,672,4136,27,"2025-09-08 14:59:57",27,"2025-09-08 14:59:57",1
668,673,2799,27,"2025-09-08 16:09:57",27,"2025-09-08 16:09:57",1
669,674,3933,81,"2025-09-08 16:38:28",81,"2025-09-08 16:38:28",1
670,675,4373,81,"2025-09-08 16:43:55",81,"2025-09-08 16:43:55",1
671,676,3687,81,"2025-09-08 16:48:53",81,"2025-09-08 16:48:53",1
672,677,2539,27,"2025-09-09 08:56:01",27,"2025-09-09 08:56:01",1
673,678,2981,27,"2025-09-09 09:32:05",27,"2025-09-09 09:32:05",1
674,679,3078,27,"2025-09-09 10:04:19",27,"2025-09-09 10:04:19",1
675,680,1968,27,"2025-09-09 10:17:26",27,"2025-09-09 10:17:26",1
676,681,2580,268,"2025-09-09 16:18:52",268,"2025-09-09 16:18:52",1
677,682,3161,27,"2025-09-09 17:01:02",27,"2025-09-09 17:01:02",1
678,683,1225,27,"2025-09-10 08:54:35",27,"2025-09-10 08:54:35",1
679,684,1399,27,"2025-09-10 08:58:29",27,"2025-09-10 08:58:29",1
680,685,5082,27,"2025-09-10 09:05:56",27,"2025-09-10 09:05:56",1
681,686,4701,268,"2025-09-10 14:16:08",268,"2025-09-10 14:16:08",1
682,687,3350,711,"2025-09-11 10:03:06",711,"2025-09-11 10:03:06",1
683,688,4311,711,"2025-09-11 10:32:13",711,"2025-09-11 10:32:13",1
684,689,2097,711,"2025-09-11 10:39:02",711,"2025-09-11 10:39:02",1
685,690,2045,711,"2025-09-11 10:43:53",711,"2025-09-11 10:43:53",1
686,691,4917,27,"2025-09-15 09:36:36",27,"2025-09-15 09:36:36",1
687,692,4214,27,"2025-09-16 08:25:27",27,"2025-09-16 08:25:27",1
688,693,4516,27,"2025-09-16 08:31:22",27,"2025-09-16 08:31:22",1
689,694,4611,81,"2025-09-17 14:12:47",81,"2025-09-17 14:12:47",1
690,695,3633,81,"2025-09-17 22:48:14",81,"2025-09-17 22:48:14",1
691,696,3500,711,"2025-09-18 10:02:26",711,"2025-09-18 10:02:26",1
692,697,4719,235,"2025-09-18 10:40:49",235,"2025-09-18 10:40:49",1
693,698,2049,235,"2025-09-18 14:25:06",235,"2025-09-18 14:25:06",1
694,699,3856,235,"2025-09-18 14:44:15",235,"2025-09-18 14:44:15",1
695,700,2911,235,"2025-09-18 16:56:55",235,"2025-09-18 16:56:55",1
696,701,5238,27,"2025-09-19 10:08:59",27,"2025-09-19 10:08:59",1
697,702,2809,235,"2025-09-19 15:04:42",235,"2025-09-19 15:04:42",1
698,703,4749,992,"2025-09-19 15:52:17",992,"2025-09-19 15:52:17",1
699,704,4991,27,"2025-09-22 10:04:13",27,"2025-09-22 10:04:13",1
700,705,5063,268,"2025-09-22 12:13:28",268,"2025-09-22 12:13:28",1
701,706,4144,27,"2025-09-22 14:11:35",27,"2025-09-22 14:11:35",1
702,707,3071,27,"2025-09-22 15:07:04",27,"2025-09-22 15:07:04",1
703,708,3331,431,"2025-09-23 16:53:28",431,"2025-09-23 16:53:28",1
704,709,4245,992,"2025-09-24 07:57:51",992,"2025-09-24 07:57:51",1
705,710,1970,235,"2025-09-24 12:38:15",235,"2025-09-24 12:38:15",1
706,711,4832,27,"2025-09-24 13:02:11",27,"2025-09-24 13:02:11",1
707,712,5285,27,"2025-09-24 15:16:21",27,"2025-09-24 15:16:21",1
708,713,5299,27,"2025-09-26 11:45:50",27,"2025-09-26 11:45:50",1
709,714,5339,27,"2025-09-26 11:54:24",27,"2025-09-26 11:54:24",1
710,715,3425,431,"2025-09-26 22:22:27",431,"2025-09-26 22:22:27",1
711,716,5198,27,"2025-09-29 10:09:30",27,"2025-09-29 10:09:30",1
712,717,5328,27,"2025-09-29 11:46:39",27,"2025-09-29 11:46:39",1
713,718,2566,27,"2025-09-30 13:15:17",27,"2025-09-30 13:15:17",1
714,719,5129,268,"2025-10-01 09:25:22",268,"2025-10-01 09:25:22",1
715,720,3218,81,"2025-10-03 14:08:35",81,"2025-10-03 14:08:35",1
716,721,3874,27,"2025-10-06 14:19:27",27,"2025-10-06 14:19:27",1
717,722,2280,27,"2025-10-06 14:30:41",27,"2025-10-06 14:30:41",1
718,723,3526,27,"2025-10-07 08:40:53",27,"2025-10-07 08:40:53",1
719,724,3973,235,"2025-10-07 10:00:09",235,"2025-10-07 10:00:09",1
720,725,4094,27,"2025-10-08 10:01:19",27,"2025-10-08 10:01:19",1
721,726,2462,235,"2025-10-08 17:18:29",235,"2025-10-08 17:18:29",1
722,727,2232,235,"2025-10-09 09:50:10",235,"2025-10-09 09:50:10",1
723,728,4827,27,"2025-10-09 11:18:36",27,"2025-10-09 11:18:36",1
724,729,5045,27,"2025-10-09 13:27:45",27,"2025-10-09 13:27:45",1
725,730,2519,235,"2025-10-09 14:21:08",235,"2025-10-09 14:21:08",1
726,731,4524,431,"2025-10-09 21:44:20",431,"2025-10-09 21:44:20",1
727,732,3400,268,"2025-10-10 14:38:37",268,"2025-10-10 14:38:37",1
728,733,4252,431,"2025-10-10 15:17:58",431,"2025-10-10 15:17:58",1
729,734,4654,431,"2025-10-10 15:22:47",431,"2025-10-10 15:22:47",1
730,735,3679,431,"2025-10-10 15:25:56",431,"2025-10-10 15:25:56",1
731,736,5467,268,"2025-10-13 09:31:53",268,"2025-10-13 09:31:53",1
732,737,147,711,"2025-10-13 10:22:53",711,"2025-10-13 10:22:53",1
733,738,3062,268,"2025-10-13 11:45:07",268,"2025-10-13 11:45:07",1
734,739,5331,268,"2025-10-13 15:33:40",268,"2025-10-13 15:33:40",1
735,740,3871,235,"2025-10-13 17:20:03",235,"2025-10-13 17:20:03",1
736,741,4711,235,"2025-10-14 14:38:20",235,"2025-10-14 14:38:20",1
737,742,3017,711,"2025-10-14 16:01:21",711,"2025-10-14 16:01:21",1
738,743,2982,711,"2025-10-14 16:10:36",711,"2025-10-14 16:10:36",1
739,744,3281,235,"2025-10-15 10:40:36",235,"2025-10-15 10:40:36",1
740,745,1225,235,"2025-10-15 10:57:17",235,"2025-10-15 10:57:17",1
741,746,1400,235,"2025-10-15 11:10:49",235,"2025-10-15 11:10:49",1
742,747,2940,235,"2025-10-15 11:36:50",235,"2025-10-15 11:36:50",1
743,748,2851,711,"2025-10-16 07:33:34",711,"2025-10-16 07:33:34",1
744,749,5306,268,"2025-10-16 08:15:07",268,"2025-10-16 08:15:07",1
745,750,5438,268,"2025-10-16 10:39:44",268,"2025-10-16 10:39:44",1
746,751,3142,235,"2025-10-16 14:50:39",235,"2025-10-16 14:50:39",1
747,752,4451,81,"2025-10-16 22:24:56",81,"2025-10-16 22:24:56",1
748,753,4280,81,"2025-10-16 22:28:31",81,"2025-10-16 22:28:31",1
749,754,4794,711,"2025-10-17 08:10:58",711,"2025-10-17 08:10:58",1
750,755,3041,235,"2025-10-17 11:59:13",235,"2025-10-17 11:59:13",1
751,756,4823,992,"2025-10-18 13:45:54",992,"2025-10-18 13:45:54",1
752,757,4902,235,"2025-10-20 14:25:24",235,"2025-10-20 14:25:24",1
753,758,4480,235,"2025-10-20 14:43:31",235,"2025-10-20 14:43:31",1
754,759,2478,235,"2025-10-21 11:13:13",235,"2025-10-21 11:13:13",1
755,760,4825,235,"2025-10-21 11:45:47",235,"2025-10-21 11:45:47",1
757,762,1978,235,"2025-10-21 13:46:38",235,"2025-10-21 13:46:38",1
758,763,3555,268,"2025-10-21 14:22:40",268,"2025-10-21 14:22:40",1
759,764,3899,235,"2025-10-21 15:23:55",235,"2025-10-21 15:23:55",1
760,765,2683,268,"2025-10-21 16:13:02",268,"2025-10-21 16:13:02",1
761,766,1636,235,"2025-10-22 10:35:58",235,"2025-10-22 10:35:58",1
762,767,3400,268,"2025-10-22 16:04:52",268,"2025-10-22 16:04:52",1
763,768,3620,268,"2025-10-22 16:14:43",268,"2025-10-22 16:14:43",1
764,769,3323,235,"2025-10-22 16:44:16",235,"2025-10-22 16:44:16",1
765,770,3586,235,"2025-10-22 17:39:34",235,"2025-10-22 17:39:34",1
766,771,3133,235,"2025-10-22 17:55:16",235,"2025-10-22 17:55:16",1
767,772,3197,711,"2025-10-23 11:11:06",711,"2025-10-23 11:11:06",1
768,773,3863,235,"2025-10-24 15:28:00",235,"2025-10-24 15:28:00",1
769,774,3734,268,"2025-10-27 08:21:36",268,"2025-10-27 08:21:36",1
770,775,4047,268,"2025-10-27 08:58:58",268,"2025-10-27 08:58:58",1
771,776,5255,630,"2025-10-27 09:18:40",630,"2025-10-27 09:18:40",1
772,777,3884,268,"2025-10-27 09:27:55",268,"2025-10-27 09:27:55",1
773,778,1133,711,"2025-10-27 13:18:13",711,"2025-10-27 13:18:13",1
774,779,4591,268,"2025-10-27 15:42:29",268,"2025-10-27 15:42:29",1
775,780,3360,268,"2025-10-28 08:25:04",268,"2025-10-28 08:25:04",1
776,781,4102,27,"2025-10-28 09:20:07",27,"2025-10-28 09:20:07",1
777,782,5446,315,"2025-10-28 10:45:05",315,"2025-10-28 10:45:05",1
778,783,3571,27,"2025-10-28 11:39:32",27,"2025-10-28 11:39:32",1
779,784,4669,27,"2025-10-28 12:03:23",27,"2025-10-28 12:03:23",1
780,785,4958,268,"2025-10-28 15:02:19",268,"2025-10-28 15:02:19",1
781,786,3136,27,"2025-10-29 12:05:43",27,"2025-10-29 12:05:43",1
782,787,4815,235,"2025-10-29 12:06:40",235,"2025-10-29 12:06:40",1
783,788,1937,27,"2025-10-29 13:32:44",27,"2025-10-29 13:32:44",1
786,791,5440,315,"2025-10-30 07:37:02",315,"2025-10-30 07:37:02",1
787,792,2680,27,"2025-10-31 16:43:21",27,"2025-10-31 16:43:21",1
788,793,3822,27,"2025-10-31 16:45:12",27,"2025-10-31 16:45:12",1
789,794,5245,27,"2025-11-03 13:14:54",27,"2025-11-03 13:14:54",1
790,795,5004,27,"2025-11-03 14:59:24",27,"2025-11-03 14:59:24",1
791,796,3387,27,"2025-11-03 16:12:35",27,"2025-11-03 16:12:35",1
792,797,1119,711,"2025-11-04 11:59:53",711,"2025-11-04 11:59:53",1
793,798,1049,235,"2025-11-04 12:23:57",235,"2025-11-04 12:23:57",1
794,799,2060,235,"2025-11-05 16:58:09",235,"2025-11-05 16:58:09",1
795,800,4263,81,"2025-11-05 19:36:58",81,"2025-11-05 19:36:58",1
796,801,5502,268,"2025-11-06 10:16:15",268,"2025-11-06 10:16:15",1
797,802,5102,268,"2025-11-06 10:55:35",268,"2025-11-06 10:55:35",1
798,803,5013,268,"2025-11-06 10:58:15",268,"2025-11-06 11:10:30",0
799,803,4713,268,"2025-11-06 11:10:30",268,"2025-11-06 11:10:30",1
800,804,4803,235,"2025-11-10 11:47:29",235,"2025-11-10 11:47:29",1
801,805,1014,235,"2025-11-10 11:49:28",235,"2025-11-10 11:49:28",1
802,806,5214,235,"2025-11-10 12:22:41",235,"2025-11-10 12:22:41",1
803,807,5326,235,"2025-11-10 16:51:36",235,"2025-11-10 16:51:36",1
804,808,3684,81,"2025-11-10 18:40:34",81,"2025-11-10 18:40:34",1
805,809,3336,81,"2025-11-10 22:54:05",81,"2025-11-10 22:54:05",1
806,810,3717,27,"2025-11-11 10:18:24",27,"2025-11-11 10:18:24",1
807,811,5590,235,"2025-11-11 11:11:50",235,"2025-11-11 11:11:50",1
808,812,4096,235,"2025-11-11 11:16:39",235,"2025-11-11 11:16:39",1
809,813,4114,235,"2025-11-11 12:09:16",235,"2025-11-11 12:09:16",1
810,814,3534,235,"2025-11-13 11:36:51",235,"2025-11-13 11:36:51",1
811,815,3648,235,"2025-11-13 13:44:28",235,"2025-11-13 13:44:28",1
812,816,5439,235,"2025-11-14 11:42:36",235,"2025-11-14 11:42:36",1
813,817,2049,235,"2025-11-14 16:24:16",235,"2025-11-14 16:24:16",1
814,818,4422,992,"2025-11-17 09:32:52",992,"2025-11-17 09:32:52",1
815,819,1139,235,"2025-11-17 15:59:31",235,"2025-11-17 15:59:31",1
816,820,2945,235,"2025-11-18 09:18:05",235,"2025-11-18 09:18:05",1
817,821,4014,268,"2025-11-18 12:27:55",268,"2025-11-18 12:27:55",1
818,822,4959,235,"2025-11-18 13:31:03",235,"2025-11-18 13:31:03",1
819,823,4282,431,"2025-11-18 19:16:15",431,"2025-11-18 19:16:15",1
820,824,3236,81,"2025-11-18 22:17:25",81,"2025-11-18 22:17:25",1
821,825,3860,235,"2025-11-20 09:28:36",235,"2025-11-20 09:28:36",1
823,827,4637,235,"2025-11-20 09:42:03",235,"2025-11-20 09:42:03",1
824,828,5670,235,"2025-11-20 17:26:37",235,"2025-11-20 17:26:37",1
825,829,2544,235,"2025-11-24 11:04:47",235,"2025-11-24 11:04:47",1
826,830,4393,235,"2025-11-24 11:24:47",235,"2025-11-24 11:24:47",1
827,831,5729,235,"2025-11-24 11:58:34",235,"2025-11-24 11:58:34",1
828,832,2946,27,"2025-11-24 14:20:28",27,"2025-11-24 14:20:28",1
829,833,1829,27,"2025-11-24 14:28:17",27,"2025-11-24 14:28:17",1
831,835,1806,27,"2025-11-24 15:55:10",27,"2025-11-24 15:55:10",1
832,836,3694,27,"2025-11-24 16:21:00",27,"2025-11-24 16:21:00",1
833,837,2112,27,"2025-11-24 16:27:55",27,"2025-11-24 16:27:55",1
834,838,5553,27,"2025-11-25 09:16:23",27,"2025-11-25 09:16:23",1
835,839,5070,27,"2025-11-25 09:21:34",27,"2025-11-25 09:21:34",1
836,840,4992,27,"2025-11-25 09:26:24",27,"2025-11-25 09:26:24",1
837,841,4631,235,"2025-11-25 15:04:23",235,"2025-11-25 15:04:23",1
838,842,3874,27,"2025-11-25 16:08:04",27,"2025-11-25 16:08:04",1
839,843,5554,27,"2025-11-25 16:12:15",27,"2025-11-25 16:12:15",1
840,844,5545,235,"2025-11-26 08:45:37",235,"2025-11-26 08:45:37",1
841,845,2948,27,"2025-11-26 14:43:20",27,"2025-11-26 14:43:20",1
842,846,2502,27,"2025-11-26 14:47:47",27,"2025-11-26 14:47:47",1
843,847,3602,27,"2025-11-26 15:00:03",27,"2025-11-26 15:00:03",1
846,850,2312,27,"2025-11-27 12:11:16",27,"2025-11-27 12:11:16",1
847,851,5710,235,"2025-11-28 10:41:15",235,"2025-11-28 10:41:15",1
848,852,2998,711,"2025-11-28 13:46:25",711,"2025-11-28 13:46:25",1
849,853,5426,235,"2025-11-28 14:58:57",235,"2025-11-28 14:58:57",1
850,854,5407,235,"2025-11-28 16:20:32",235,"2025-11-28 16:20:32",1
851,855,2680,235,"2025-12-01 11:18:17",235,"2025-12-01 11:18:17",1
852,856,4709,268,"2025-12-01 11:26:48",268,"2025-12-01 11:26:48",1
854,858,2401,235,"2025-12-01 11:32:21",235,"2025-12-01 11:32:21",1
855,859,1370,235,"2025-12-01 14:04:04",235,"2025-12-01 14:04:04",1
856,860,5643,235,"2025-12-02 09:58:20",235,"2025-12-02 09:58:20",1
857,861,3400,268,"2025-12-03 11:05:27",268,"2025-12-03 11:05:27",1
858,862,2473,268,"2025-12-03 15:29:30",268,"2025-12-03 15:29:30",1
859,863,5670,27,"2025-12-03 15:38:14",27,"2025-12-03 15:38:14",1
861,865,5324,268,"2025-12-03 15:48:31",268,"2025-12-03 15:48:31",1
862,866,3830,867,"2025-12-03 15:59:22",867,"2025-12-03 15:59:22",1
864,868,5821,235,"2025-12-04 09:21:28",235,"2025-12-04 09:21:28",1
865,869,4677,867,"2025-12-04 14:41:26",867,"2025-12-04 14:41:26",1
866,870,1185,235,"2025-12-04 15:49:17",235,"2025-12-04 15:49:17",1
867,871,3839,867,"2025-12-04 15:52:32",867,"2025-12-04 15:52:32",1
868,872,4576,81,"2025-12-04 21:21:43",81,"2025-12-04 21:21:43",1
869,873,2504,27,"2025-12-05 11:39:40",27,"2025-12-05 11:39:40",1
870,874,4516,27,"2025-12-05 11:50:52",27,"2025-12-05 11:50:52",1
871,875,4745,268,"2025-12-05 13:31:27",268,"2025-12-05 13:31:27",1
872,876,3318,81,"2025-12-05 19:05:10",81,"2025-12-05 19:05:10",1
873,877,5336,268,"2025-12-08 09:53:31",268,"2025-12-08 09:53:31",1
877,881,4889,27,"2025-12-08 10:32:49",27,"2025-12-08 10:32:49",1
878,882,3620,268,"2025-12-08 13:22:41",268,"2025-12-08 13:22:41",1
879,883,3860,27,"2025-12-08 16:31:30",27,"2025-12-08 16:31:30",1
880,884,3861,81,"2025-12-08 21:07:39",81,"2025-12-08 21:07:39",1
881,885,3418,81,"2025-12-08 21:38:52",81,"2025-12-08 21:38:52",1
882,886,5594,235,"2025-12-09 10:12:28",235,"2025-12-09 10:12:28",1
883,887,3591,268,"2025-12-09 13:23:21",268,"2025-12-09 13:23:21",1
884,888,5742,27,"2025-12-09 14:03:41",27,"2025-12-09 14:03:41",1
885,889,2568,867,"2025-12-09 17:50:24",867,"2025-12-09 17:50:24",1
886,890,3445,81,"2025-12-09 22:19:11",81,"2025-12-09 22:19:11",1
887,891,3967,27,"2025-12-10 12:11:36",27,"2025-12-10 12:11:36",1
888,892,2648,235,"2025-12-10 12:12:59",235,"2025-12-10 12:12:59",1
889,893,5645,235,"2025-12-10 12:30:30",235,"2025-12-10 12:30:30",1
890,894,4276,81,"2025-12-11 19:53:12",81,"2025-12-11 19:53:12",1
891,895,4366,81,"2025-12-11 19:59:22",81,"2025-12-11 19:59:22",1
892,896,4413,81,"2025-12-11 20:31:04",81,"2025-12-11 20:31:04",1
893,897,3673,81,"2025-12-11 20:36:07",81,"2025-12-11 20:36:07",1
894,898,3202,81,"2025-12-11 20:53:35",81,"2025-12-11 20:53:35",1
895,899,4658,81,"2025-12-11 21:01:23",81,"2025-12-11 21:01:23",1
896,900,4392,992,"2025-12-12 06:40:16",992,"2025-12-12 06:40:16",1
897,901,4389,992,"2025-12-12 07:15:54",992,"2025-12-12 07:15:54",1
898,902,4621,81,"2025-12-12 14:10:24",81,"2025-12-12 14:10:24",1
899,903,4649,81,"2025-12-12 15:06:56",81,"2025-12-12 15:06:56",1
900,904,5781,268,"2025-12-12 15:49:47",268,"2025-12-12 15:49:47",1
901,905,4090,81,"2025-12-12 16:37:14",81,"2025-12-12 16:37:14",1
902,906,4789,27,"2025-12-12 16:51:39",27,"2025-12-12 16:51:39",1
903,907,3160,27,"2025-12-12 16:54:43",27,"2025-12-12 16:54:43",1
904,908,3669,81,"2025-12-12 16:55:20",81,"2025-12-12 16:55:20",1
905,909,4243,81,"2025-12-12 17:25:07",81,"2025-12-12 17:25:07",1
906,910,4362,81,"2025-12-12 17:30:43",81,"2025-12-12 17:30:43",1
907,911,3745,81,"2025-12-12 17:46:28",81,"2025-12-12 17:46:28",1
908,912,4180,81,"2025-12-12 18:30:14",81,"2025-12-12 18:30:14",1
909,913,4367,81,"2025-12-12 18:58:51",81,"2025-12-12 18:58:51",1
910,914,4042,81,"2025-12-12 19:07:18",81,"2025-12-12 19:07:18",1
911,915,3307,81,"2025-12-12 19:17:02",81,"2025-12-12 19:17:02",1
912,916,4893,268,"2025-12-15 08:50:19",268,"2025-12-15 08:50:19",1
913,917,5374,268,"2025-12-15 10:54:22",268,"2025-12-15 10:54:22",1
914,918,3149,27,"2025-12-15 12:09:55",27,"2025-12-15 12:09:55",1
915,919,2578,867,"2025-12-15 15:12:06",867,"2025-12-15 15:12:06",1
916,920,2511,867,"2025-12-15 15:14:29",867,"2025-12-15 15:14:29",1
917,921,3838,867,"2025-12-15 16:58:08",867,"2025-12-15 16:58:08",1
918,922,4759,268,"2025-12-16 09:35:34",268,"2025-12-16 09:35:34",1
919,923,5736,268,"2025-12-16 13:39:55",268,"2025-12-16 13:39:55",1
920,924,2397,235,"2025-12-16 13:53:22",235,"2025-12-16 13:53:22",1
921,925,5323,27,"2025-12-17 15:53:54",27,"2025-12-17 15:53:54",1
922,926,5657,235,"2025-12-18 12:30:26",235,"2025-12-18 12:30:26",1
923,927,6016,235,"2025-12-18 15:27:08",235,"2025-12-18 15:27:08",1
924,928,5916,235,"2025-12-18 15:31:13",235,"2025-12-18 15:31:13",1
925,929,2887,235,"2025-12-18 16:25:16",235,"2025-12-18 16:25:16",1
926,930,5739,235,"2025-12-18 16:37:18",235,"2025-12-18 16:37:18",1
927,931,2576,27,"2025-12-19 09:18:16",27,"2025-12-19 09:18:16",1
928,932,5994,711,"2025-12-19 12:32:07",711,"2025-12-19 12:32:07",1
929,933,3728,268,"2025-12-19 14:38:03",268,"2025-12-19 14:38:03",1
930,934,4024,867,"2025-12-19 16:47:39",867,"2025-12-19 16:47:39",1
931,935,5308,27,"2025-12-22 09:47:39",27,"2025-12-22 09:47:39",1
932,936,5501,268,"2025-12-22 09:57:15",268,"2025-12-22 09:57:15",1
933,937,5461,268,"2025-12-22 10:10:09",268,"2025-12-22 10:10:09",1
934,938,5720,27,"2025-12-22 10:13:06",27,"2025-12-22 10:13:06",1
935,939,5560,27,"2025-12-22 10:15:53",27,"2025-12-22 10:15:53",1
936,940,3731,27,"2025-12-22 12:19:44",27,"2025-12-22 12:19:44",1
937,941,3613,27,"2025-12-22 13:07:30",27,"2025-12-22 13:07:30",1
938,942,4887,235,"2025-12-22 13:18:37",235,"2025-12-22 13:18:37",1
939,943,5857,235,"2025-12-22 14:02:26",235,"2025-12-22 14:02:26",1
940,944,2566,27,"2025-12-22 14:24:41",27,"2025-12-22 14:24:41",1
941,945,5401,235,"2025-12-22 14:24:59",235,"2025-12-22 14:24:59",1
942,946,5784,268,"2025-12-23 08:27:50",268,"2025-12-23 08:27:50",1
943,947,6033,235,"2025-12-23 10:00:40",235,"2025-12-23 10:00:40",1
944,948,5461,268,"2025-12-23 15:13:22",268,"2025-12-23 15:13:22",1
945,949,4434,81,"2025-12-23 18:52:19",81,"2025-12-23 18:52:19",1
946,950,2265,235,"2025-12-24 10:25:16",235,"2025-12-24 10:25:16",1
947,951,5503,235,"2025-12-24 11:00:00",235,"2025-12-24 11:00:00",1
948,952,4215,992,"2025-12-24 12:56:14",992,"2025-12-24 12:56:14",1
949,953,5006,27,"2025-12-29 08:41:09",27,"2025-12-29 08:41:09",1
950,954,3975,27,"2025-12-29 10:18:12",27,"2025-12-29 10:18:12",1
951,955,5838,711,"2025-12-29 11:56:22",711,"2025-12-29 11:56:22",1
952,956,6013,268,"2025-12-29 13:07:31",268,"2025-12-29 13:07:31",1
953,957,2861,27,"2025-12-30 13:15:43",27,"2025-12-30 13:15:43",1
954,958,5451,268,"2025-12-31 08:24:33",268,"2025-12-31 08:24:33",1
955,959,3278,268,"2025-12-31 13:09:31",268,"2025-12-31 13:09:31",1
956,960,5015,268,"2025-12-31 15:40:56",268,"2025-12-31 15:40:56",1
957,961,2465,268,"2026-01-02 08:28:24",268,"2026-01-02 08:28:24",1
958,962,2233,27,"2026-01-02 09:45:22",27,"2026-01-02 09:45:22",1
959,963,4001,992,"2026-01-03 13:18:05",992,"2026-01-03 13:18:05",1
960,964,5593,27,"2026-01-05 09:13:36",27,"2026-01-05 09:13:36",1
961,965,3427,27,"2026-01-05 10:15:51",27,"2026-01-05 10:15:51",1
962,966,2990,27,"2026-01-05 10:26:14",27,"2026-01-05 10:26:14",1
963,967,3473,268,"2026-01-05 14:37:18",268,"2026-01-05 14:37:18",1
964,968,5016,235,"2026-01-05 14:55:22",235,"2026-01-05 14:55:22",1
965,969,5448,268,"2026-01-05 15:29:26",268,"2026-01-05 15:29:26",1
966,970,5339,268,"2026-01-06 10:43:54",268,"2026-01-06 10:43:54",1
967,971,2874,27,"2026-01-06 12:15:54",27,"2026-01-06 12:15:54",1
968,972,5504,711,"2026-01-06 13:45:54",711,"2026-01-06 13:45:54",1
969,973,5971,27,"2026-01-06 13:56:18",27,"2026-01-06 13:56:18",1
970,974,2998,27,"2026-01-07 14:17:44",27,"2026-01-07 14:17:44",1
971,975,2353,235,"2026-01-07 17:01:15",235,"2026-01-07 17:01:15",1
972,976,5198,268,"2026-01-08 08:51:40",268,"2026-01-08 08:51:40",1
973,977,2766,268,"2026-01-08 09:42:31",268,"2026-01-08 09:42:31",1
974,978,2901,27,"2026-01-08 11:47:09",27,"2026-01-08 11:47:09",1
975,979,4375,268,"2026-01-08 12:27:13",268,"2026-01-08 12:27:13",1
976,980,3525,235,"2026-01-08 15:47:47",235,"2026-01-08 15:47:47",1
977,981,3199,268,"2026-01-09 08:18:15",268,"2026-01-09 08:18:15",1
978,982,5228,235,"2026-01-09 14:37:12",235,"2026-01-09 14:37:12",1
979,983,5582,235,"2026-01-12 13:19:19",235,"2026-01-12 13:19:19",1
980,984,4558,235,"2026-01-12 17:19:38",235,"2026-01-12 17:19:38",1
981,985,3403,81,"2026-01-12 17:22:43",81,"2026-01-12 17:22:43",1
982,986,2680,711,"2026-01-13 07:46:01",711,"2026-01-13 07:46:01",1
983,987,2874,268,"2026-01-13 11:15:55",268,"2026-01-13 11:15:55",1
984,988,3860,235,"2026-01-13 11:50:47",235,"2026-01-13 11:50:47",1
985,989,4079,268,"2026-01-13 13:38:20",268,"2026-01-13 13:38:20",1
986,990,3013,711,"2026-01-13 14:55:02",711,"2026-01-13 14:55:02",1
987,991,3180,81,"2026-01-13 22:42:25",81,"2026-01-13 22:42:25",1
988,992,1927,235,"2026-01-14 09:21:29",235,"2026-01-14 09:21:29",1
990,994,1466,235,"2026-01-14 09:31:07",235,"2026-01-14 09:31:07",1
991,995,3560,268,"2026-01-14 09:48:59",268,"2026-01-14 09:48:59",1
992,996,1049,235,"2026-01-14 10:36:00",235,"2026-01-14 10:36:00",1
993,997,4311,268,"2026-01-14 10:49:34",268,"2026-01-14 10:49:34",1
994,998,1924,235,"2026-01-14 13:35:48",235,"2026-01-14 13:35:48",1
995,999,3199,268,"2026-01-14 16:42:07",268,"2026-01-14 16:42:07",1
996,1000,869,711,"2026-01-15 09:40:46",711,"2026-01-15 09:40:46",1
997,1001,981,711,"2026-01-15 09:41:41",711,"2026-01-15 09:41:41",1
998,1002,6116,711,"2026-01-15 10:30:51",711,"2026-01-15 10:30:51",1
999,1003,2544,235,"2026-01-15 16:10:53",235,"2026-01-15 16:10:53",1
1000,1004,2661,235,"2026-01-15 16:34:22",235,"2026-01-15 16:34:22",1
1001,1005,6093,268,"2026-01-16 14:25:55",268,"2026-01-16 14:25:55",1
1002,1006,5818,268,"2026-01-16 15:18:41",268,"2026-01-16 15:18:41",1
1003,1007,6125,268,"2026-01-16 16:39:58",268,"2026-01-16 16:39:58",1
1004,1008,3508,268,"2026-01-19 11:50:50",268,"2026-01-19 11:50:50",1
1005,1009,6150,268,"2026-01-19 13:04:30",268,"2026-01-19 13:04:30",1
1006,1010,5065,235,"2026-01-19 17:32:56",235,"2026-01-19 17:32:56",1
1007,1011,6187,268,"2026-01-20 08:16:19",268,"2026-01-20 08:16:19",1
1008,1012,6194,235,"2026-01-20 08:55:55",235,"2026-01-20 08:55:55",1
1009,1013,2954,235,"2026-01-20 12:24:34",235,"2026-01-20 12:24:34",1
1010,1014,3600,235,"2026-01-20 13:30:53",235,"2026-01-20 13:30:53",1
1011,1015,1531,235,"2026-01-21 10:32:36",235,"2026-01-21 10:32:36",1
1012,1016,1877,235,"2026-01-21 12:29:54",235,"2026-01-21 12:29:54",1
1014,1018,2861,235,"2026-01-21 13:32:43",235,"2026-01-21 13:32:43",1
1015,1019,5942,235,"2026-01-21 14:49:31",235,"2026-01-21 14:49:31",1
1016,1020,3027,27,"2026-01-21 16:10:30",27,"2026-01-21 16:10:30",1
1017,1021,2856,235,"2026-01-22 12:30:32",235,"2026-01-22 12:30:32",1
1018,1022,6124,235,"2026-01-22 15:01:57",235,"2026-01-22 15:01:57",1
1019,1023,2540,235,"2026-01-22 16:56:12",235,"2026-01-22 16:56:12",1
1020,1024,5957,27,"2026-01-23 09:14:43",27,"2026-01-23 09:14:43",1
1021,1025,3277,235,"2026-01-23 14:36:27",235,"2026-01-23 14:36:27",1
1022,1026,5888,27,"2026-01-23 16:28:54",27,"2026-01-23 16:28:54",1
1023,1027,3266,711,"2026-01-26 08:36:02",711,"2026-01-26 08:36:02",1
1024,1028,2172,711,"2026-01-26 08:54:21",711,"2026-01-26 08:54:21",1
1025,1029,1841,27,"2026-01-26 11:28:49",27,"2026-01-26 11:28:49",1
1026,1030,5549,235,"2026-01-26 14:49:55",235,"2026-01-26 14:49:55",1
1027,1031,4311,27,"2026-01-27 10:12:36",27,"2026-01-27 10:12:36",1
1028,1032,3124,27,"2026-01-27 13:53:49",27,"2026-01-27 13:53:49",1
1029,1033,2677,27,"2026-01-27 14:04:28",27,"2026-01-27 14:04:28",1
1030,1034,3488,268,"2026-01-28 12:08:33",268,"2026-01-28 12:08:33",1
1031,1035,2570,268,"2026-01-28 13:44:53",268,"2026-01-28 13:44:53",1
1032,1036,3378,268,"2026-01-29 09:20:58",268,"2026-01-29 09:20:58",1
1033,1037,2532,235,"2026-01-29 10:55:19",235,"2026-01-29 10:55:19",1
1034,1038,2932,27,"2026-01-29 10:56:18",27,"2026-01-29 10:56:18",1
1035,1039,3460,81,"2026-01-29 16:15:28",81,"2026-01-29 16:15:28",1
1036,1040,4306,81,"2026-01-29 16:17:44",81,"2026-01-29 16:17:44",1
1037,1041,3672,81,"2026-01-29 16:27:10",81,"2026-01-29 16:27:10",1
1038,1042,5258,81,"2026-01-29 16:33:49",81,"2026-01-29 16:33:49",1
1039,1043,5200,81,"2026-01-29 16:51:57",81,"2026-01-29 16:51:57",1
1040,1044,4869,81,"2026-01-29 16:55:47",81,"2026-01-29 16:55:47",1
1041,1045,3457,711,"2026-01-30 10:29:20",711,"2026-01-30 10:29:20",1
1042,1046,3294,27,"2026-01-30 14:24:00",27,"2026-01-30 14:24:00",1
1043,1047,5904,27,"2026-01-30 15:14:34",27,"2026-01-30 15:14:34",1
1044,1048,2488,235,"2026-01-30 15:57:38",235,"2026-01-30 15:57:38",1
1045,1049,3836,867,"2026-01-30 17:22:03",867,"2026-01-30 17:22:03",1
1046,1050,3936,81,"2026-01-30 20:10:36",81,"2026-01-30 20:10:36",1
1047,1051,4991,235,"2026-02-02 09:36:34",235,"2026-02-02 09:36:34",1
1048,1052,3106,711,"2026-02-02 14:12:00",711,"2026-02-02 14:12:00",1
1049,1053,5118,992,"2026-02-02 15:37:02",992,"2026-02-02 15:37:02",1
1050,1054,2953,27,"2026-02-02 15:48:53",27,"2026-02-02 15:48:53",1
1051,1055,5680,27,"2026-02-02 16:18:02",27,"2026-02-02 16:18:02",1
1052,1056,2934,27,"2026-02-03 09:03:52",27,"2026-02-03 09:03:52",1
1053,1057,4921,711,"2026-02-03 09:35:41",711,"2026-02-03 09:35:41",1
1054,1058,5202,235,"2026-02-03 11:48:42",235,"2026-02-03 11:48:42",1
1055,1059,3479,711,"2026-02-03 13:44:38",711,"2026-02-03 13:44:38",1
1056,1060,3275,867,"2026-02-03 14:55:19",867,"2026-02-03 14:55:19",1
1057,1061,4694,867,"2026-02-03 15:01:43",867,"2026-02-03 15:01:43",1
1058,1062,3298,867,"2026-02-03 15:06:43",867,"2026-02-03 15:06:43",1
1059,1063,3882,27,"2026-02-04 09:19:35",27,"2026-02-04 09:19:35",1
1060,1064,1830,27,"2026-02-04 12:12:32",27,"2026-02-04 12:12:32",1
1061,1065,5552,235,"2026-02-05 14:07:56",235,"2026-02-05 14:07:56",1
1062,1066,3065,235,"2026-02-05 14:18:39",235,"2026-02-05 14:18:39",1
1063,1067,4638,27,"2026-02-06 15:24:30",27,"2026-02-06 15:24:30",1
1064,1068,6024,235,"2026-02-09 13:36:24",235,"2026-02-09 13:36:24",1
1065,1069,2948,235,"2026-02-10 11:01:27",235,"2026-02-10 11:01:27",1
1066,1070,2954,235,"2026-02-10 12:46:13",235,"2026-02-10 12:46:13",1
1067,1071,5728,235,"2026-02-10 13:51:28",235,"2026-02-10 13:51:28",1
1068,1072,2928,235,"2026-02-10 14:12:20",235,"2026-02-10 14:12:20",1
1069,1073,6091,235,"2026-02-10 14:41:48",235,"2026-02-10 14:41:48",1
1070,1074,5339,235,"2026-02-10 15:46:52",235,"2026-02-10 15:46:52",1
1071,1075,3011,235,"2026-02-10 15:55:59",235,"2026-02-10 15:55:59",1
1072,1076,602,235,"2026-02-10 16:02:26",235,"2026-02-10 16:02:26",1
1073,1077,3870,235,"2026-02-10 16:17:25",235,"2026-02-10 16:17:25",1
1074,1078,5050,268,"2026-02-11 09:36:26",268,"2026-02-11 09:36:26",1
1075,1079,5113,268,"2026-02-12 08:13:42",268,"2026-02-12 08:13:42",1
1076,1080,5236,235,"2026-02-12 10:04:45",235,"2026-02-12 10:04:45",1
1077,1081,6178,268,"2026-02-12 12:16:44",268,"2026-02-12 12:16:44",1
1078,1082,4046,268,"2026-02-12 12:26:48",268,"2026-02-12 12:26:48",1
1079,1083,5144,235,"2026-02-12 13:10:06",235,"2026-02-12 13:10:06",1
1080,1084,4294,268,"2026-02-12 14:16:01",268,"2026-02-12 14:16:01",1
1081,1085,5592,268,"2026-02-13 15:07:58",268,"2026-02-13 15:07:58",1
1082,1086,5985,268,"2026-02-13 15:27:31",268,"2026-02-13 15:27:31",1
1083,1087,4783,81,"2026-02-13 17:17:15",81,"2026-02-13 17:17:15",1
