"LinkSrLogType_ID","LogType_ID","SR_ID","CreatedBy_ID","CreatedAt","UpdatedBy_ID","UpdatedAt","IsActive"
26,14,13,499,"2024-11-29 12:04:16",499,"2024-11-29 12:04:16",1
27,26,15,235,"2024-12-02 11:25:30",235,"2024-12-02 11:25:30",1
28,25,18,268,"2024-12-02 15:51:54",268,"2024-12-02 15:51:54",1
29,20,19,27,"2024-12-02 16:53:38",27,"2024-12-02 16:53:38",1
30,51,22,27,"2024-12-03 14:50:54",27,"2024-12-03 14:50:54",1
31,53,22,27,"2024-12-03 14:50:54",27,"2024-12-03 14:50:54",1
32,67,22,27,"2024-12-03 14:50:54",27,"2024-12-03 14:50:54",1
36,25,24,27,"2024-12-03 15:30:19",27,"2024-12-03 15:30:19",1
37,49,24,27,"2024-12-03 15:30:19",27,"2024-12-03 15:30:19",1
38,52,24,27,"2024-12-03 15:30:19",27,"2024-12-03 15:30:19",1
39,52,25,27,"2024-12-03 15:53:03",27,"2024-12-03 15:53:03",1
40,27,30,27,"2024-12-04 10:25:12",27,"2024-12-04 14:02:41",0
41,51,30,27,"2024-12-04 14:02:41",27,"2024-12-04 14:02:41",1
42,52,31,27,"2024-12-04 14:57:39",27,"2024-12-04 14:57:39",1
43,26,32,27,"2024-12-04 15:01:48",27,"2024-12-04 15:01:48",1
44,50,33,27,"2024-12-04 16:45:36",27,"2024-12-04 16:45:36",1
45,22,34,27,"2024-12-05 08:39:31",27,"2024-12-05 08:39:31",1
46,23,34,27,"2024-12-05 08:39:31",27,"2024-12-05 08:39:31",1
47,25,34,27,"2024-12-05 08:39:31",27,"2024-12-05 08:39:31",1
48,40,34,27,"2024-12-05 08:39:31",27,"2024-12-05 08:39:31",1
49,102,34,27,"2024-12-05 08:39:31",27,"2024-12-05 08:39:31",1
50,40,35,235,"2024-12-05 10:50:01",235,"2024-12-05 10:50:01",1
51,64,35,235,"2024-12-05 10:50:01",235,"2024-12-05 10:50:01",1
52,72,35,235,"2024-12-05 10:50:01",235,"2024-12-05 10:50:01",1
53,13,37,27,"2024-12-05 14:21:10",27,"2024-12-05 14:21:10",1
54,25,37,27,"2024-12-05 14:21:10",27,"2024-12-05 14:21:10",1
55,40,37,27,"2024-12-05 14:21:10",27,"2024-12-05 14:21:10",1
56,52,37,27,"2024-12-05 14:21:10",27,"2024-12-05 14:21:10",1
57,68,37,27,"2024-12-05 14:21:10",27,"2024-12-05 14:21:10",1
58,22,38,27,"2024-12-05 16:20:04",27,"2024-12-05 16:20:04",1
59,23,38,27,"2024-12-05 16:20:04",27,"2024-12-05 16:20:04",1
60,25,38,27,"2024-12-05 16:20:04",27,"2024-12-05 16:20:04",1
61,76,39,27,"2024-12-06 09:32:42",27,"2024-12-06 09:32:42",1
62,25,41,27,"2024-12-06 13:35:40",27,"2024-12-06 13:35:40",1
63,43,41,27,"2024-12-06 13:35:40",27,"2024-12-06 13:35:40",1
64,56,41,27,"2024-12-06 13:35:40",27,"2024-12-06 13:35:40",1
65,13,42,27,"2024-12-06 17:02:21",27,"2024-12-06 17:02:21",1
66,22,42,27,"2024-12-06 17:02:21",27,"2024-12-06 17:02:21",1
67,23,42,27,"2024-12-06 17:02:21",27,"2024-12-06 17:02:21",1
68,25,42,27,"2024-12-06 17:02:21",27,"2024-12-06 17:02:21",1
69,42,43,27,"2024-12-09 10:49:10",27,"2024-12-09 10:49:10",1
70,42,44,235,"2024-12-09 12:24:07",235,"2024-12-09 12:24:07",1
71,38,47,235,"2024-12-10 16:38:06",235,"2024-12-10 16:38:06",1
72,13,52,235,"2024-12-12 10:12:43",235,"2024-12-12 10:12:43",1
73,22,52,235,"2024-12-12 10:12:43",235,"2024-12-12 10:12:43",1
74,23,52,235,"2024-12-12 10:12:43",235,"2024-12-12 10:12:43",1
75,25,52,235,"2024-12-12 10:12:43",235,"2024-12-12 10:12:43",1
76,43,56,235,"2024-12-12 13:56:01",235,"2024-12-12 13:56:01",1
77,22,57,27,"2024-12-12 15:32:16",27,"2024-12-12 15:32:16",1
78,25,57,27,"2024-12-12 15:32:16",27,"2024-12-12 15:32:16",1
79,40,57,27,"2024-12-12 15:32:16",27,"2024-12-12 15:32:16",1
80,20,59,27,"2024-12-12 15:54:54",27,"2024-12-12 15:54:54",1
81,22,59,27,"2024-12-12 15:54:54",27,"2024-12-12 15:54:54",1
82,23,59,27,"2024-12-12 15:54:54",27,"2024-12-12 15:54:54",1
83,25,59,27,"2024-12-12 15:54:54",27,"2024-12-12 15:54:54",1
84,13,60,27,"2024-12-12 15:58:09",27,"2024-12-12 15:58:09",1
85,22,60,27,"2024-12-12 15:58:09",27,"2024-12-12 15:58:09",1
86,23,60,27,"2024-12-12 15:58:09",27,"2024-12-12 15:58:09",1
87,25,60,27,"2024-12-12 15:58:09",27,"2024-12-12 15:58:09",1
88,13,61,27,"2024-12-12 16:06:17",27,"2024-12-12 16:06:17",1
89,22,61,27,"2024-12-12 16:06:17",27,"2024-12-12 16:06:17",1
90,23,61,27,"2024-12-12 16:06:17",27,"2024-12-12 16:06:17",1
91,25,61,27,"2024-12-12 16:06:17",27,"2024-12-12 16:06:17",1
92,42,63,27,"2024-12-13 09:03:37",27,"2024-12-13 09:03:37",1
93,70,63,27,"2024-12-13 09:03:37",27,"2024-12-13 09:03:37",1
94,107,63,27,"2024-12-13 09:03:37",27,"2024-12-13 09:03:37",1
95,110,63,27,"2024-12-13 09:03:37",27,"2024-12-13 09:03:37",1
96,22,64,27,"2024-12-13 09:25:55",27,"2024-12-13 09:25:55",1
97,23,64,27,"2024-12-13 09:25:55",27,"2024-12-13 09:25:55",1
98,25,64,27,"2024-12-13 09:25:55",27,"2024-12-13 09:25:55",1
99,49,64,27,"2024-12-13 09:25:55",27,"2024-12-13 09:25:55",1
100,58,64,27,"2024-12-13 09:25:55",27,"2024-12-19 15:28:00",0
101,78,67,27,"2024-12-16 08:48:51",27,"2024-12-16 08:48:51",1
102,111,67,27,"2024-12-16 08:48:51",27,"2024-12-16 08:48:51",1
103,17,71,235,"2024-12-16 13:28:03",235,"2024-12-16 13:28:03",1
104,24,77,27,"2024-12-16 16:14:23",27,"2024-12-16 16:14:23",1
105,79,77,27,"2024-12-16 16:14:23",27,"2024-12-16 16:14:23",1
106,42,82,27,"2024-12-17 08:49:26",27,"2024-12-17 08:49:26",1
107,31,83,268,"2024-12-17 16:56:03",268,"2024-12-17 16:56:03",1
108,42,83,268,"2024-12-17 16:56:03",268,"2024-12-17 16:56:03",1
109,55,86,27,"2024-12-18 14:00:10",27,"2024-12-18 14:00:10",1
110,68,86,27,"2024-12-18 14:00:10",27,"2024-12-18 14:00:10",1
114,43,88,27,"2024-12-18 16:38:35",27,"2024-12-18 16:38:35",1
115,78,88,27,"2024-12-18 16:38:35",27,"2024-12-18 16:38:35",1
116,110,88,27,"2024-12-18 16:38:35",27,"2024-12-18 16:38:35",1
117,42,40,27,"2024-12-19 09:33:24",27,"2024-12-19 11:44:20",0
118,93,40,27,"2024-12-19 09:48:04",27,"2024-12-19 11:44:20",0
119,101,89,27,"2024-12-19 13:12:11",27,"2024-12-19 13:12:11",1
120,48,90,27,"2024-12-19 13:26:35",27,"2024-12-19 13:26:35",1
121,78,90,27,"2024-12-19 13:26:35",27,"2024-12-19 13:26:35",1
122,48,91,27,"2024-12-19 13:42:13",27,"2024-12-19 13:42:13",1
123,78,91,27,"2024-12-19 13:42:13",27,"2024-12-19 13:42:13",1
124,48,92,27,"2024-12-19 13:45:29",27,"2024-12-19 13:45:29",1
125,78,92,27,"2024-12-19 13:45:29",27,"2024-12-19 13:45:29",1
126,48,93,27,"2024-12-19 13:47:15",27,"2024-12-19 13:47:15",1
127,78,93,27,"2024-12-19 13:47:15",27,"2024-12-19 13:47:15",1
128,48,94,27,"2024-12-19 13:49:39",27,"2024-12-19 13:49:39",1
129,78,94,27,"2024-12-19 13:49:39",27,"2024-12-19 13:49:39",1
130,20,95,27,"2024-12-19 14:09:14",27,"2024-12-19 14:09:14",1
131,51,64,27,"2024-12-19 15:28:00",27,"2024-12-19 15:28:00",1
132,25,96,27,"2024-12-19 15:38:23",27,"2024-12-19 15:38:23",1
133,42,96,27,"2024-12-19 15:38:23",27,"2024-12-19 15:38:23",1
134,52,96,27,"2024-12-19 15:38:23",27,"2024-12-19 15:38:23",1
135,78,98,235,"2024-12-20 14:45:57",235,"2024-12-20 14:45:57",1
136,22,99,268,"2024-12-23 10:23:17",268,"2024-12-23 10:23:17",1
137,23,99,268,"2024-12-23 10:23:17",268,"2024-12-23 10:23:17",1
138,25,99,268,"2024-12-23 10:23:17",268,"2024-12-23 10:23:17",1
140,58,101,235,"2024-12-23 16:50:13",235,"2024-12-23 16:50:13",1
141,42,102,268,"2024-12-24 09:33:21",268,"2024-12-24 09:33:21",1
142,31,103,268,"2024-12-24 09:56:53",268,"2024-12-24 09:56:53",1
144,42,107,268,"2024-12-24 12:03:12",268,"2024-12-24 12:03:12",1
145,40,119,268,"2024-12-30 11:31:26",268,"2024-12-30 11:31:26",1
146,26,122,268,"2024-12-30 14:05:09",268,"2024-12-30 14:05:09",1
147,26,125,268,"2025-01-02 08:48:25",268,"2025-01-02 08:48:25",1
148,61,73,27,"2025-01-02 09:56:30",27,"2025-01-02 09:56:30",1
149,25,128,27,"2025-01-02 11:23:16",27,"2025-01-02 11:23:16",1
150,49,128,27,"2025-01-02 11:23:16",27,"2025-01-02 11:23:16",1
151,76,128,27,"2025-01-02 11:23:16",27,"2025-01-02 11:23:16",1
152,20,129,268,"2025-01-03 08:35:26",268,"2025-01-03 08:35:26",1
153,25,129,268,"2025-01-03 08:35:26",268,"2025-01-03 08:35:26",1
154,40,129,268,"2025-01-03 08:35:26",268,"2025-01-03 08:35:26",1
155,27,130,711,"2025-01-03 09:21:26",711,"2025-01-03 09:21:26",1
156,17,131,27,"2025-01-03 10:49:17",27,"2025-01-03 10:49:17",1
157,42,132,27,"2025-01-06 09:00:11",27,"2025-01-06 09:00:11",1
158,30,133,268,"2025-01-06 11:24:02",268,"2025-01-06 11:24:02",1
159,31,133,268,"2025-01-06 11:24:02",268,"2025-01-06 11:24:02",1
160,43,134,268,"2025-01-06 13:30:19",268,"2025-01-06 13:30:19",1
161,13,135,268,"2025-01-06 14:47:10",268,"2025-01-06 14:47:10",1
162,20,135,268,"2025-01-06 14:47:10",268,"2025-01-06 14:47:10",1
163,40,135,268,"2025-01-06 14:47:10",268,"2025-01-06 14:47:10",1
164,43,137,711,"2025-01-07 11:28:46",711,"2025-01-07 11:28:46",1
165,20,140,268,"2025-01-07 14:44:34",268,"2025-01-07 14:44:34",1
166,52,140,268,"2025-01-07 14:44:34",268,"2025-01-07 14:44:34",1
167,76,141,268,"2025-01-07 14:58:09",268,"2025-01-07 14:58:09",1
168,24,144,27,"2025-01-07 16:35:55",27,"2025-01-07 16:35:55",1
169,42,146,27,"2025-01-08 08:58:22",27,"2025-01-08 08:58:22",1
170,17,148,27,"2025-01-08 14:32:00",27,"2025-01-08 14:32:00",1
171,17,150,268,"2025-01-09 11:47:05",268,"2025-01-09 11:47:05",1
172,25,151,268,"2025-01-09 13:45:25",268,"2025-01-09 13:45:25",1
173,49,151,268,"2025-01-09 13:45:25",268,"2025-01-09 13:45:25",1
174,70,151,268,"2025-01-09 13:45:25",268,"2025-01-09 13:45:25",1
175,76,151,268,"2025-01-09 13:45:25",268,"2025-01-09 13:45:25",1
176,38,152,268,"2025-01-10 10:23:14",268,"2025-01-10 10:23:14",1
177,17,155,268,"2025-01-10 11:24:18",268,"2025-01-10 11:24:18",1
178,32,157,27,"2025-01-13 08:46:49",27,"2025-01-13 08:46:49",1
179,31,158,27,"2025-01-13 08:54:48",27,"2025-01-13 08:54:48",1
180,38,162,27,"2025-01-16 16:23:17",27,"2025-01-16 16:23:17",1
181,25,164,27,"2025-01-16 16:40:58",27,"2025-01-16 16:40:58",1
182,43,164,27,"2025-01-16 16:40:58",27,"2025-01-16 16:40:58",1
183,52,165,235,"2025-01-17 11:01:49",235,"2025-01-17 11:01:49",1
184,22,166,27,"2025-01-17 11:32:15",27,"2025-01-17 11:32:15",1
185,23,166,27,"2025-01-17 11:32:15",27,"2025-01-17 11:32:15",1
186,25,166,27,"2025-01-17 11:32:15",27,"2025-01-17 11:32:15",1
187,40,166,27,"2025-01-17 11:32:15",27,"2025-01-17 11:32:15",1
188,107,166,27,"2025-01-17 11:32:15",27,"2025-01-17 11:32:15",1
189,30,168,235,"2025-01-17 11:56:23",235,"2025-01-17 11:56:23",1
190,31,168,235,"2025-01-17 11:56:23",235,"2025-01-17 11:56:23",1
191,33,168,235,"2025-01-17 11:56:23",235,"2025-01-17 11:56:23",1
192,40,168,235,"2025-01-17 11:56:23",235,"2025-01-17 11:56:23",1
193,113,168,235,"2025-01-17 11:56:23",235,"2025-01-17 11:56:23",1
194,42,170,27,"2025-01-17 15:36:51",27,"2025-01-17 15:36:51",1
195,43,170,27,"2025-01-17 15:36:51",27,"2025-01-17 15:36:51",1
196,17,171,27,"2025-01-20 12:05:34",27,"2025-01-20 12:05:34",1
197,58,172,235,"2025-01-20 14:25:11",235,"2025-01-20 14:25:11",1
198,13,174,268,"2025-01-20 15:35:22",268,"2025-01-20 15:35:22",1
199,20,174,268,"2025-01-20 15:35:22",268,"2025-01-20 15:35:22",1
200,68,174,268,"2025-01-20 15:35:22",268,"2025-01-20 15:35:22",1
201,26,175,27,"2025-01-20 16:07:39",27,"2025-01-20 16:07:39",1
202,32,176,235,"2025-01-21 11:08:39",235,"2025-01-21 11:08:39",1
203,28,177,268,"2025-01-23 12:10:37",268,"2025-01-23 12:10:37",1
204,61,177,268,"2025-01-23 12:10:37",268,"2025-01-23 12:10:37",1
205,23,178,27,"2025-01-23 14:42:21",27,"2025-01-23 14:42:21",1
206,25,179,27,"2025-01-23 15:41:02",27,"2025-01-23 15:41:02",1
207,43,179,27,"2025-01-23 15:41:02",27,"2025-01-23 15:41:02",1
208,17,180,268,"2025-01-24 07:48:16",268,"2025-01-24 07:48:16",1
209,65,181,235,"2025-01-24 15:52:38",235,"2025-01-24 15:52:38",1
210,76,36,235,"2025-01-27 10:14:34",235,"2025-01-27 10:14:34",1
211,42,182,235,"2025-01-27 14:50:24",235,"2025-01-27 14:50:24",1
212,23,183,235,"2025-01-27 14:55:32",235,"2025-01-27 14:55:32",1
213,25,183,235,"2025-01-27 14:55:32",235,"2025-01-27 14:55:32",1
214,42,184,235,"2025-01-27 15:08:38",235,"2025-01-27 15:08:38",1
215,42,185,235,"2025-01-27 15:32:44",235,"2025-01-27 15:32:44",1
216,25,141,235,"2025-01-27 16:52:58",235,"2025-01-27 16:52:58",1
217,40,141,235,"2025-01-27 16:52:58",235,"2025-01-27 16:52:58",1
218,49,141,235,"2025-01-27 16:52:58",235,"2025-01-27 16:52:58",1
219,38,187,27,"2025-01-28 09:27:46",27,"2025-01-28 09:27:46",1
220,52,190,235,"2025-01-28 14:19:06",235,"2025-01-28 14:19:06",1
221,61,192,235,"2025-01-28 16:24:41",235,"2025-01-28 16:24:41",1
222,13,193,235,"2025-01-28 17:01:58",235,"2025-01-28 17:01:58",1
223,22,193,235,"2025-01-28 17:01:58",235,"2025-01-28 17:01:58",1
224,23,193,235,"2025-01-28 17:01:58",235,"2025-01-28 17:01:58",1
225,25,193,235,"2025-01-28 17:01:58",235,"2025-01-28 17:01:58",1
226,40,193,235,"2025-01-28 17:01:58",235,"2025-01-28 17:01:58",1
227,102,193,235,"2025-01-28 17:01:58",235,"2025-01-28 17:01:58",1
228,107,193,235,"2025-01-28 17:01:58",235,"2025-01-28 17:01:58",1
231,13,196,27,"2025-01-29 11:38:31",27,"2025-01-29 11:38:31",1
232,68,196,27,"2025-01-29 11:38:31",27,"2025-01-29 11:38:31",1
233,17,199,235,"2025-01-30 11:39:07",235,"2025-01-30 11:39:07",1
234,33,199,235,"2025-01-30 11:39:07",235,"2025-01-30 11:39:07",1
235,58,199,235,"2025-01-30 11:39:07",235,"2025-01-30 11:39:07",1
236,25,200,235,"2025-01-30 13:19:52",235,"2025-01-30 13:19:52",1
237,40,200,235,"2025-01-30 13:19:52",235,"2025-01-30 13:19:52",1
238,51,201,27,"2025-01-31 08:38:08",27,"2025-01-31 08:38:08",1
239,26,202,27,"2025-01-31 08:44:19",27,"2025-01-31 08:44:19",1
240,42,202,27,"2025-01-31 08:44:19",27,"2025-01-31 08:44:19",1
241,38,203,27,"2025-01-31 08:50:12",27,"2025-01-31 08:50:12",1
242,20,207,268,"2025-02-03 12:21:07",268,"2025-02-03 12:21:07",1
243,25,207,268,"2025-02-03 12:21:07",268,"2025-02-03 12:21:07",1
244,72,207,268,"2025-02-03 12:21:07",268,"2025-02-03 12:21:07",1
245,17,208,268,"2025-02-03 13:20:25",268,"2025-02-03 13:20:25",1
246,92,209,268,"2025-02-04 14:17:15",268,"2025-02-04 14:17:15",1
247,34,210,235,"2025-02-04 15:37:18",235,"2025-02-04 15:37:18",1
248,35,210,235,"2025-02-04 15:37:18",235,"2025-02-04 15:37:18",1
249,40,211,268,"2025-02-04 16:37:08",268,"2025-02-04 16:37:08",1
250,76,211,268,"2025-02-04 16:37:08",268,"2025-02-04 16:37:08",1
251,107,213,27,"2025-02-05 10:59:16",27,"2025-02-05 10:59:16",1
252,27,216,268,"2025-02-05 13:41:22",268,"2025-02-05 13:41:22",1
253,25,217,27,"2025-02-05 15:41:38",27,"2025-02-05 15:41:38",1
258,22,219,27,"2025-02-05 15:49:21",27,"2025-02-05 15:49:21",1
259,23,219,27,"2025-02-05 15:49:21",27,"2025-02-05 15:49:21",1
260,25,219,27,"2025-02-05 15:49:21",27,"2025-02-05 15:49:21",1
261,30,219,27,"2025-02-05 15:49:21",27,"2025-02-05 15:49:21",1
262,51,225,268,"2025-02-06 13:38:57",268,"2025-02-06 13:38:57",1
263,30,230,235,"2025-02-06 16:25:14",235,"2025-02-06 16:25:14",1
264,31,230,235,"2025-02-06 16:25:14",235,"2025-02-06 16:25:14",1
265,34,148,235,"2025-02-07 10:36:46",235,"2025-02-07 10:36:46",1
266,70,148,235,"2025-02-07 10:36:46",235,"2025-02-07 10:36:46",1
267,110,148,235,"2025-02-07 10:36:46",235,"2025-02-07 10:36:46",1
268,40,233,268,"2025-02-07 14:47:52",268,"2025-02-07 14:47:52",1
269,67,233,268,"2025-02-07 14:47:52",268,"2025-02-07 14:47:52",1
270,20,236,27,"2025-02-11 09:21:40",27,"2025-02-11 09:21:40",1
271,68,236,27,"2025-02-11 09:21:40",27,"2025-02-11 09:21:40",1
272,17,237,27,"2025-02-11 13:51:16",27,"2025-02-11 13:51:16",1
273,19,237,27,"2025-02-11 13:51:16",27,"2025-02-11 13:51:16",1
274,25,139,235,"2025-02-12 15:34:34",235,"2025-02-12 15:34:34",1
275,40,139,235,"2025-02-12 15:34:34",235,"2025-02-12 15:34:34",1
276,107,139,235,"2025-02-12 15:34:34",235,"2025-02-12 15:34:34",1
277,112,139,235,"2025-02-12 15:34:34",235,"2025-02-12 15:34:34",1
278,48,240,27,"2025-02-13 09:50:05",27,"2025-02-13 09:50:05",1
279,78,240,27,"2025-02-13 09:50:05",27,"2025-02-13 09:50:05",1
280,51,189,235,"2025-02-13 12:31:07",235,"2025-02-13 12:31:07",1
281,17,241,235,"2025-02-13 13:36:27",235,"2025-02-13 13:36:27",1
282,40,243,27,"2025-02-14 09:10:40",27,"2025-02-14 09:10:40",1
283,59,243,27,"2025-02-14 09:10:40",27,"2025-02-14 09:10:40",1
284,42,243,27,"2025-02-14 09:18:48",27,"2025-02-14 09:18:48",1
285,52,244,27,"2025-02-14 09:22:35",27,"2025-02-14 09:22:35",1
286,53,245,268,"2025-02-14 11:09:19",268,"2025-02-14 11:09:19",1
287,58,245,268,"2025-02-14 11:09:19",268,"2025-02-14 11:09:19",1
288,40,246,235,"2025-02-14 14:21:34",235,"2025-02-14 14:21:34",1
289,107,246,235,"2025-02-14 14:21:34",235,"2025-02-14 14:21:34",1
290,110,246,235,"2025-02-14 14:21:34",235,"2025-02-14 14:21:34",1
291,19,189,235,"2025-02-19 11:32:55",235,"2025-02-19 11:32:55",1
292,50,189,235,"2025-02-19 11:32:55",235,"2025-02-19 11:32:55",1
293,58,247,235,"2025-02-19 15:45:58",235,"2025-02-19 15:45:58",1
294,27,248,235,"2025-02-20 13:56:22",235,"2025-02-20 13:56:22",1
295,17,249,27,"2025-02-20 16:56:20",27,"2025-02-20 16:56:20",1
296,38,249,27,"2025-02-20 16:56:20",27,"2025-02-20 16:56:20",1
297,52,250,27,"2025-02-21 12:02:07",27,"2025-02-21 12:02:07",1
298,22,252,27,"2025-02-21 12:14:24",27,"2025-02-21 12:14:24",1
299,25,252,27,"2025-02-21 12:14:24",27,"2025-02-21 12:14:24",1
300,61,253,27,"2025-02-21 13:27:46",27,"2025-02-21 13:27:46",1
301,13,254,27,"2025-02-21 13:52:37",27,"2025-02-21 13:52:37",1
302,22,254,27,"2025-02-21 13:52:37",27,"2025-02-21 13:52:37",1
303,25,254,27,"2025-02-21 13:52:37",27,"2025-02-21 13:52:37",1
304,26,264,27,"2025-02-25 09:31:06",27,"2025-02-25 09:31:06",1
305,38,267,27,"2025-02-25 09:44:30",27,"2025-02-25 09:44:30",1
306,70,268,27,"2025-02-25 09:48:42",27,"2025-02-25 09:48:42",1
307,25,269,268,"2025-02-25 12:08:13",268,"2025-02-25 12:08:13",1
308,40,269,268,"2025-02-25 12:08:13",268,"2025-02-25 12:08:13",1
309,13,271,235,"2025-02-26 10:41:25",235,"2025-02-26 10:41:25",1
310,20,271,235,"2025-02-26 10:41:25",235,"2025-02-26 10:41:25",1
311,23,271,235,"2025-02-26 10:41:25",235,"2025-02-26 10:41:25",1
312,40,271,235,"2025-02-26 10:41:25",235,"2025-02-26 10:41:25",1
313,68,272,268,"2025-02-26 10:45:51",268,"2025-02-26 10:45:51",1
314,107,168,235,"2025-02-26 15:56:08",235,"2025-02-26 15:56:08",1
315,23,274,268,"2025-02-27 11:41:20",268,"2025-02-27 11:41:20",1
316,40,274,268,"2025-02-27 11:41:20",268,"2025-02-27 11:41:20",1
317,68,274,268,"2025-02-27 11:41:20",268,"2025-02-27 11:41:20",1
318,28,276,27,"2025-02-28 11:39:30",27,"2025-02-28 11:39:30",1
319,71,280,268,"2025-03-04 13:34:26",268,"2025-03-04 13:34:26",1
320,40,281,268,"2025-03-04 16:30:25",268,"2025-03-04 16:30:25",1
321,73,281,268,"2025-03-04 16:30:25",235,"2025-04-30 10:03:35",0
322,61,273,235,"2025-03-05 15:26:20",235,"2025-03-05 15:26:20",1
323,61,230,235,"2025-03-05 15:29:37",235,"2025-03-05 15:29:37",1
324,61,147,235,"2025-03-05 15:31:11",235,"2025-03-05 15:31:11",1
326,38,278,235,"2025-03-06 13:44:23",235,"2025-03-06 13:44:23",1
327,13,285,235,"2025-03-10 11:37:28",235,"2025-03-10 11:37:28",1
328,25,285,235,"2025-03-10 11:37:28",235,"2025-03-10 11:37:28",1
329,40,285,235,"2025-03-10 11:37:28",235,"2025-03-10 11:37:28",1
330,102,285,235,"2025-03-10 11:37:28",235,"2025-03-10 11:37:28",1
331,107,285,235,"2025-03-10 11:37:28",235,"2025-03-10 11:37:28",1
332,40,181,235,"2025-03-11 09:50:08",235,"2025-03-11 09:50:08",1
333,51,181,235,"2025-03-11 09:50:08",235,"2025-03-11 09:50:08",1
334,76,286,235,"2025-03-11 12:09:42",235,"2025-03-11 12:09:42",1
335,43,291,235,"2025-03-13 15:46:59",235,"2025-03-13 15:46:59",1
336,58,292,235,"2025-03-14 15:57:50",235,"2025-03-14 15:57:50",1
337,17,293,235,"2025-03-17 09:48:50",235,"2025-03-17 09:48:50",1
338,66,173,235,"2025-03-17 15:26:10",235,"2025-03-17 15:26:10",1
339,20,296,27,"2025-03-18 16:11:21",27,"2025-03-18 16:11:21",1
340,68,296,27,"2025-03-18 16:11:21",27,"2025-03-18 16:11:21",1
341,23,297,268,"2025-03-19 13:57:51",268,"2025-03-19 13:57:51",1
342,40,297,268,"2025-03-19 13:57:51",268,"2025-03-19 13:57:51",1
343,56,297,268,"2025-03-19 13:57:51",268,"2025-03-19 13:57:51",1
344,68,297,268,"2025-03-19 13:57:51",268,"2025-03-19 13:57:51",1
345,23,301,268,"2025-03-21 12:23:48",268,"2025-03-21 12:23:48",1
346,40,301,268,"2025-03-21 12:23:48",268,"2025-03-21 12:23:48",1
347,56,301,268,"2025-03-21 12:23:48",268,"2025-03-21 12:23:48",1
348,68,301,268,"2025-03-21 12:23:48",268,"2025-03-21 12:23:48",1
351,68,306,27,"2025-03-24 15:15:16",27,"2025-03-24 15:15:16",1
352,22,307,268,"2025-03-25 15:22:43",268,"2025-03-25 15:22:43",1
353,23,307,268,"2025-03-25 15:22:43",268,"2025-03-25 15:22:43",1
354,25,307,268,"2025-03-25 15:22:43",268,"2025-03-25 15:22:43",1
355,23,308,268,"2025-03-26 09:54:52",268,"2025-03-26 09:54:52",1
356,107,308,268,"2025-03-26 09:54:52",268,"2025-03-26 09:54:52",1
357,76,309,235,"2025-03-26 11:11:10",235,"2025-03-26 11:11:10",1
358,17,310,235,"2025-03-26 13:15:53",235,"2025-03-26 13:15:53",1
359,17,311,235,"2025-03-26 13:34:54",235,"2025-03-26 13:34:54",1
360,38,312,235,"2025-03-26 13:38:47",235,"2025-03-26 13:38:47",1
361,70,313,27,"2025-03-27 09:19:29",27,"2025-03-27 09:19:29",1
362,76,313,27,"2025-03-27 09:19:29",27,"2025-03-27 09:19:29",1
363,110,313,27,"2025-03-27 09:19:29",27,"2025-03-27 09:19:29",1
364,13,314,27,"2025-03-27 11:21:35",27,"2025-03-27 11:21:35",1
365,25,314,27,"2025-03-27 11:21:35",27,"2025-03-27 11:21:35",1
366,40,314,27,"2025-03-27 11:21:35",27,"2025-03-27 11:21:35",1
367,112,314,27,"2025-03-27 11:21:35",27,"2025-03-27 11:21:35",1
368,22,315,27,"2025-03-27 11:28:20",27,"2025-03-27 11:28:20",1
369,23,315,27,"2025-03-27 11:28:20",27,"2025-03-27 11:28:20",1
370,25,315,27,"2025-03-27 11:28:20",27,"2025-03-27 11:28:20",1
371,17,316,268,"2025-03-31 09:38:12",268,"2025-03-31 09:38:12",1
372,25,318,268,"2025-03-31 12:23:42",268,"2025-03-31 12:23:42",1
373,40,318,268,"2025-03-31 12:23:42",268,"2025-03-31 12:23:42",1
374,68,318,268,"2025-03-31 12:23:42",268,"2025-03-31 12:23:42",1
375,49,319,27,"2025-04-01 09:08:49",27,"2025-04-01 09:08:49",1
376,13,320,27,"2025-04-01 09:22:44",27,"2025-04-01 09:22:44",1
377,20,320,27,"2025-04-01 09:22:44",27,"2025-04-01 09:22:44",1
378,23,320,27,"2025-04-01 09:22:44",27,"2025-04-01 09:22:44",1
379,68,320,27,"2025-04-01 09:22:44",27,"2025-04-01 09:22:44",1
380,22,321,268,"2025-04-01 10:53:40",268,"2025-04-01 10:53:40",1
381,23,321,268,"2025-04-01 10:53:40",268,"2025-04-01 10:53:40",1
382,25,321,268,"2025-04-01 10:53:40",268,"2025-04-01 10:53:40",1
383,38,323,27,"2025-04-02 16:39:11",27,"2025-04-02 16:39:11",1
384,61,324,27,"2025-04-02 16:54:45",27,"2025-04-02 16:54:45",1
385,22,324,27,"2025-04-02 16:56:50",27,"2025-04-02 16:56:50",1
386,23,324,27,"2025-04-02 16:56:50",27,"2025-04-02 16:56:50",1
387,49,324,27,"2025-04-02 16:56:50",27,"2025-04-02 16:56:50",1
388,26,328,27,"2025-04-03 09:32:48",27,"2025-04-03 09:32:48",1
389,76,330,235,"2025-04-03 10:06:59",235,"2025-04-03 10:06:59",1
390,76,332,235,"2025-04-03 13:05:42",235,"2025-04-03 13:05:42",1
391,13,335,235,"2025-04-03 14:32:04",235,"2025-04-03 14:32:04",1
392,20,335,235,"2025-04-03 14:32:04",235,"2025-04-03 14:32:04",1
393,22,335,235,"2025-04-03 14:32:04",235,"2025-04-03 14:32:04",1
394,23,335,235,"2025-04-03 14:32:04",235,"2025-04-03 14:32:04",1
395,25,335,235,"2025-04-03 14:32:04",235,"2025-04-03 14:32:04",1
396,52,336,431,"2025-04-03 15:13:09",431,"2025-04-03 15:13:09",1
397,68,336,431,"2025-04-03 15:13:09",431,"2025-04-03 15:13:09",1
398,20,338,27,"2025-04-03 16:26:52",27,"2025-04-03 16:26:52",1
399,23,338,27,"2025-04-03 16:26:52",27,"2025-04-03 16:26:52",1
400,25,338,27,"2025-04-03 16:26:52",27,"2025-04-03 16:26:52",1
401,38,288,235,"2025-04-04 11:01:25",235,"2025-04-04 11:01:25",1
402,38,340,235,"2025-04-04 11:49:34",235,"2025-04-04 11:49:34",1
403,68,343,235,"2025-04-07 11:57:29",235,"2025-04-07 11:57:29",1
404,58,344,235,"2025-04-07 13:55:15",235,"2025-04-07 13:55:15",1
405,52,349,235,"2025-04-10 12:14:11",235,"2025-04-10 12:14:11",1
406,17,351,268,"2025-04-10 16:15:26",268,"2025-04-10 16:15:26",1
407,51,352,268,"2025-04-11 12:15:12",268,"2025-04-11 12:15:12",1
408,13,281,431,"2025-04-14 16:49:48",431,"2025-04-14 16:49:48",1
409,23,281,431,"2025-04-14 16:49:48",431,"2025-04-14 16:49:48",1
410,25,281,431,"2025-04-14 16:49:48",431,"2025-04-14 16:49:48",1
411,38,357,235,"2025-04-15 09:30:33",235,"2025-04-15 09:30:33",1
412,26,359,235,"2025-04-15 16:09:02",235,"2025-04-15 16:09:02",1
413,61,361,268,"2025-04-17 09:37:59",268,"2025-04-17 09:37:59",1
414,17,362,268,"2025-04-17 15:56:30",268,"2025-04-17 15:56:30",1
415,22,364,27,"2025-04-22 15:22:40",27,"2025-04-22 15:22:40",1
416,23,364,27,"2025-04-22 15:22:40",27,"2025-04-22 15:22:40",1
417,25,364,27,"2025-04-22 15:22:40",27,"2025-04-22 15:22:40",1
418,102,364,27,"2025-04-22 15:22:40",27,"2025-04-22 15:22:40",1
419,51,365,27,"2025-04-22 15:32:05",27,"2025-04-22 15:32:05",1
420,17,367,81,"2025-04-22 18:15:08",81,"2025-04-22 18:15:08",1
421,52,368,81,"2025-04-22 20:03:22",81,"2025-04-22 20:03:22",1
422,22,369,81,"2025-04-22 20:24:39",81,"2025-04-22 20:24:39",1
423,23,369,81,"2025-04-22 20:24:39",81,"2025-04-22 20:24:39",1
424,25,369,81,"2025-04-22 20:24:39",81,"2025-04-22 20:24:39",1
425,54,370,867,"2025-04-23 00:28:16",867,"2025-04-23 00:28:16",1
426,17,372,27,"2025-04-24 08:34:59",27,"2025-04-24 08:34:59",1
427,52,352,431,"2025-04-24 20:49:10",431,"2025-04-24 20:49:10",1
428,52,376,235,"2025-04-28 09:46:26",235,"2025-04-28 09:46:26",1
429,20,377,268,"2025-04-29 09:18:14",268,"2025-04-29 09:18:14",1
430,40,377,268,"2025-04-29 09:18:15",268,"2025-04-29 09:18:15",1
431,61,378,235,"2025-04-29 15:22:07",235,"2025-04-29 15:22:07",1
432,22,379,235,"2025-04-29 16:17:48",235,"2025-04-29 16:17:48",1
433,111,281,235,"2025-04-30 10:03:35",235,"2025-04-30 10:03:35",1
434,40,380,235,"2025-04-30 15:09:31",235,"2025-04-30 15:09:31",1
435,111,380,235,"2025-04-30 15:09:31",235,"2025-04-30 15:09:31",1
436,48,381,235,"2025-04-30 16:08:39",235,"2025-04-30 16:08:39",1
437,20,384,268,"2025-05-01 16:55:47",268,"2025-05-01 16:55:47",1
438,51,384,268,"2025-05-01 16:55:47",268,"2025-05-01 16:55:47",1
439,26,386,27,"2025-05-02 16:34:11",27,"2025-05-02 16:34:11",1
440,38,388,268,"2025-05-06 10:10:51",268,"2025-05-06 10:10:51",1
441,22,393,81,"2025-05-06 18:21:35",81,"2025-05-06 18:21:35",1
442,23,393,81,"2025-05-06 18:21:35",81,"2025-05-06 18:21:35",1
443,25,393,81,"2025-05-06 18:21:35",81,"2025-05-06 18:21:35",1
444,20,395,268,"2025-05-07 10:06:37",268,"2025-05-07 10:06:37",1
445,67,395,268,"2025-05-07 10:06:37",268,"2025-05-07 10:06:37",1
446,38,396,268,"2025-05-07 14:59:34",268,"2025-05-07 14:59:34",1
447,52,397,235,"2025-05-08 10:06:22",235,"2025-05-08 10:06:22",1
448,13,400,235,"2025-05-12 10:33:58",235,"2025-05-12 10:33:58",1
449,20,400,235,"2025-05-12 10:33:58",235,"2025-05-12 10:33:58",1
450,23,400,235,"2025-05-12 10:33:58",235,"2025-05-12 10:33:58",1
451,40,400,235,"2025-05-12 10:33:58",235,"2025-05-12 10:33:58",1
452,49,400,235,"2025-05-12 10:33:58",235,"2025-05-12 10:33:58",1
453,112,400,235,"2025-05-12 10:33:58",235,"2025-05-12 10:33:58",1
454,13,401,235,"2025-05-12 15:36:17",235,"2025-05-12 15:36:17",1
455,27,401,235,"2025-05-12 15:36:17",235,"2025-05-12 15:36:17",1
456,51,401,235,"2025-05-12 15:36:17",235,"2025-05-12 15:36:17",1
457,68,401,235,"2025-05-12 15:36:17",235,"2025-05-12 15:36:17",1
458,33,407,81,"2025-05-13 16:33:11",81,"2025-05-13 16:33:11",1
459,27,408,235,"2025-05-14 13:55:47",235,"2025-05-14 13:55:47",1
460,32,408,235,"2025-05-14 13:55:47",235,"2025-05-14 13:55:47",1
461,33,408,235,"2025-05-14 13:55:47",235,"2025-05-14 13:55:47",1
462,39,408,235,"2025-05-14 13:55:47",235,"2025-05-14 13:55:47",1
463,51,408,235,"2025-05-14 13:55:47",235,"2025-05-14 13:55:47",1
464,13,411,235,"2025-05-15 09:31:28",235,"2025-05-15 09:31:28",1
465,20,411,235,"2025-05-15 09:31:28",235,"2025-05-15 09:31:28",1
466,23,411,235,"2025-05-15 09:31:28",235,"2025-05-15 09:31:28",1
467,34,411,235,"2025-05-15 09:31:28",235,"2025-05-15 09:31:28",1
468,40,411,235,"2025-05-15 09:31:28",235,"2025-05-15 09:31:28",1
469,53,411,235,"2025-05-15 09:31:28",235,"2025-05-15 09:31:28",1
470,68,411,235,"2025-05-15 09:31:28",235,"2025-05-15 09:31:28",1
471,113,411,235,"2025-05-15 09:31:28",235,"2025-05-15 09:31:28",1
472,51,388,235,"2025-05-15 10:40:20",235,"2025-05-15 10:40:20",1
473,25,388,235,"2025-05-15 10:44:50",235,"2025-05-15 10:44:50",1
474,32,388,235,"2025-05-15 10:44:50",235,"2025-05-15 10:44:50",1
475,33,388,235,"2025-05-15 10:44:50",235,"2025-05-15 10:44:50",1
476,17,413,27,"2025-05-15 15:48:44",27,"2025-05-15 15:48:44",1
477,52,414,235,"2025-05-16 10:30:57",235,"2025-05-16 10:30:57",1
478,54,416,431,"2025-05-17 00:06:57",431,"2025-05-17 00:06:57",1
479,37,395,235,"2025-05-19 17:15:29",235,"2025-05-19 17:15:29",1
480,48,395,235,"2025-05-19 17:15:29",235,"2025-05-19 17:15:29",1
481,51,395,235,"2025-05-19 17:15:29",235,"2025-05-19 17:15:29",1
482,76,418,235,"2025-05-19 18:28:04",235,"2025-05-19 18:28:04",1
483,51,419,81,"2025-05-19 19:44:36",81,"2025-05-19 19:44:36",1
484,53,388,235,"2025-05-20 11:11:14",235,"2025-05-20 11:11:14",1
485,17,420,268,"2025-05-21 08:34:17",268,"2025-05-21 08:34:17",1
486,52,422,235,"2025-05-22 10:58:47",235,"2025-05-22 10:58:47",1
487,13,423,431,"2025-05-23 00:39:49",431,"2025-05-23 00:39:49",1
488,20,423,431,"2025-05-23 00:39:49",431,"2025-05-23 00:39:49",1
489,23,423,431,"2025-05-23 00:39:49",431,"2025-05-23 00:39:49",1
490,25,423,431,"2025-05-23 00:39:49",431,"2025-05-23 00:39:49",1
491,13,424,235,"2025-05-23 08:55:54",235,"2025-05-23 08:55:54",1
492,61,425,27,"2025-05-23 11:37:38",27,"2025-05-23 11:37:38",1
495,111,430,27,"2025-05-23 14:15:01",27,"2025-05-23 14:15:01",1
496,22,431,27,"2025-05-26 09:05:50",27,"2025-05-26 09:05:50",1
497,23,431,27,"2025-05-26 09:05:50",27,"2025-05-26 09:05:50",1
498,25,431,27,"2025-05-26 09:05:50",27,"2025-05-26 09:05:50",1
499,48,432,27,"2025-05-26 09:14:30",27,"2025-05-26 09:14:30",1
500,78,432,27,"2025-05-26 09:14:30",27,"2025-05-26 09:14:30",1
501,43,437,235,"2025-05-28 16:01:27",235,"2025-05-28 16:01:27",1
502,48,438,820,"2025-06-02 10:51:35",820,"2025-06-02 10:51:35",1
503,42,438,820,"2025-06-02 10:53:36",820,"2025-06-02 10:53:36",1
504,39,439,27,"2025-06-02 14:57:41",27,"2025-06-02 14:57:41",1
505,42,441,27,"2025-06-03 11:32:10",27,"2025-06-03 11:32:10",1
506,58,442,431,"2025-06-03 19:23:59",431,"2025-06-03 19:23:59",1
507,43,444,235,"2025-06-04 09:24:28",235,"2025-06-04 09:24:28",1
508,38,445,81,"2025-06-04 13:52:16",81,"2025-06-04 13:52:16",1
509,42,445,81,"2025-06-04 13:52:16",81,"2025-06-04 13:52:16",1
510,20,446,876,"2025-06-04 17:35:21",876,"2025-06-04 17:35:21",1
511,52,448,867,"2025-06-06 00:39:30",867,"2025-06-06 00:39:30",1
512,68,449,867,"2025-06-06 00:46:13",867,"2025-06-06 00:46:13",1
513,42,450,867,"2025-06-06 00:54:30",867,"2025-06-06 00:54:30",1
514,38,460,431,"2025-06-10 15:52:23",431,"2025-06-10 15:52:23",1
515,24,461,867,"2025-06-10 15:56:47",867,"2025-06-10 15:56:47",1
516,26,462,867,"2025-06-10 16:08:14",867,"2025-06-10 16:08:14",1
517,52,462,867,"2025-06-10 16:08:14",867,"2025-06-10 16:08:14",1
518,17,463,268,"2025-06-11 13:36:47",268,"2025-06-11 13:36:47",1
519,52,464,268,"2025-06-11 14:01:55",268,"2025-06-11 14:01:55",1
520,43,465,268,"2025-06-11 14:35:40",268,"2025-06-11 14:35:40",1
521,51,467,235,"2025-06-12 15:56:38",235,"2025-06-12 15:56:38",1
522,51,468,81,"2025-06-12 17:27:29",81,"2025-06-12 17:27:29",1
523,68,469,81,"2025-06-12 17:49:55",81,"2025-06-12 17:49:55",1
524,25,470,235,"2025-06-13 10:54:23",235,"2025-06-13 10:54:23",1
525,26,470,235,"2025-06-13 10:54:23",235,"2025-06-13 10:54:23",1
526,31,470,235,"2025-06-13 10:54:23",235,"2025-06-13 10:54:23",1
527,40,470,235,"2025-06-13 10:54:23",235,"2025-06-13 10:54:23",1
528,73,470,235,"2025-06-13 10:54:23",235,"2025-06-13 10:54:23",1
529,107,470,235,"2025-06-13 10:54:23",235,"2025-06-13 10:54:23",1
530,110,470,235,"2025-06-13 10:54:23",235,"2025-06-13 10:54:23",1
531,17,472,235,"2025-06-13 15:13:36",235,"2025-06-13 15:13:36",1
532,17,473,235,"2025-06-13 15:31:42",235,"2025-06-13 15:31:42",1
533,40,476,235,"2025-06-16 12:20:37",235,"2025-06-16 12:20:37",1
534,51,476,235,"2025-06-16 12:20:37",235,"2025-06-16 12:20:37",1
535,90,478,235,"2025-06-16 14:46:56",235,"2025-06-16 14:46:56",1
536,26,480,431,"2025-06-17 16:52:46",431,"2025-06-17 16:52:46",1
537,22,481,81,"2025-06-17 22:55:17",81,"2025-06-17 22:55:17",1
538,23,481,81,"2025-06-17 22:55:17",81,"2025-06-17 22:55:17",1
539,25,481,81,"2025-06-17 22:55:17",81,"2025-06-17 22:55:17",1
540,40,481,81,"2025-06-17 22:55:17",81,"2025-06-17 22:55:17",1
541,23,486,992,"2025-06-19 10:50:26",992,"2025-06-19 10:50:26",1
542,25,486,992,"2025-06-19 10:50:26",992,"2025-06-19 10:50:26",1
543,40,486,992,"2025-06-19 10:50:26",992,"2025-06-19 10:50:26",1
544,25,487,992,"2025-06-19 14:03:33",992,"2025-06-19 14:03:33",1
545,30,488,235,"2025-06-19 15:28:21",235,"2025-06-19 15:28:21",1
546,31,488,235,"2025-06-19 15:28:21",235,"2025-06-19 15:28:21",1
547,111,489,235,"2025-06-19 16:00:41",235,"2025-06-19 16:00:41",1
548,51,490,27,"2025-06-20 09:16:43",27,"2025-06-20 09:16:43",1
549,22,491,27,"2025-06-20 16:49:25",27,"2025-06-20 16:49:25",1
550,68,491,27,"2025-06-20 16:49:25",27,"2025-06-20 16:49:25",1
551,28,382,81,"2025-06-23 15:43:22",81,"2025-06-23 15:43:22",1
552,17,492,235,"2025-06-23 16:48:32",235,"2025-06-23 16:48:32",1
553,61,495,235,"2025-06-24 13:14:51",235,"2025-06-24 13:14:51",1
554,38,496,235,"2025-06-24 16:03:32",235,"2025-06-24 16:03:32",1
555,13,500,235,"2025-06-25 12:17:26",235,"2025-06-25 12:17:26",1
556,45,500,235,"2025-06-25 12:17:26",235,"2025-06-25 12:17:26",1
557,68,500,235,"2025-06-25 12:17:26",235,"2025-06-25 12:17:26",1
558,114,500,235,"2025-06-25 12:17:26",235,"2025-06-25 12:17:26",1
559,26,501,235,"2025-06-25 16:52:55",235,"2025-06-25 16:52:55",1
560,23,438,235,"2025-06-26 10:32:51",235,"2025-06-26 10:32:51",1
561,40,438,235,"2025-06-26 10:32:51",235,"2025-06-26 10:32:51",1
562,52,503,235,"2025-06-26 12:13:25",235,"2025-06-26 12:13:25",1
563,51,504,235,"2025-06-26 13:23:57",235,"2025-06-26 13:23:57",1
564,13,364,235,"2025-06-26 13:54:19",235,"2025-06-26 13:54:19",1
565,45,364,235,"2025-06-26 13:54:19",235,"2025-06-26 13:54:19",1
566,17,505,992,"2025-06-26 14:22:10",992,"2025-06-26 14:22:10",1
567,68,506,235,"2025-06-26 14:47:29",235,"2025-06-26 14:47:29",1
568,38,507,81,"2025-06-26 23:05:44",81,"2025-06-26 23:05:44",1
569,42,509,27,"2025-06-30 12:12:02",27,"2025-06-30 12:12:02",1
570,111,509,27,"2025-06-30 12:12:02",27,"2025-06-30 12:12:02",1
571,23,510,27,"2025-06-30 14:46:34",27,"2025-06-30 14:46:34",1
572,107,510,27,"2025-06-30 14:46:34",27,"2025-06-30 14:46:34",1
573,20,511,268,"2025-06-30 16:40:32",268,"2025-06-30 16:40:32",1
574,68,511,268,"2025-06-30 16:40:32",268,"2025-06-30 16:40:32",1
575,26,513,81,"2025-06-30 20:36:36",81,"2025-06-30 20:36:36",1
576,43,514,27,"2025-07-01 08:55:58",867,"2026-02-03 14:46:42",0
577,48,516,235,"2025-07-01 10:41:02",235,"2025-07-01 10:41:02",1
578,58,519,27,"2025-07-02 16:50:23",27,"2025-07-02 16:50:23",1
580,32,521,81,"2025-07-02 18:58:31",81,"2025-07-02 18:58:31",1
581,20,522,27,"2025-07-03 08:48:21",27,"2025-07-03 08:48:21",1
582,68,522,27,"2025-07-03 08:48:21",27,"2025-07-03 08:48:21",1
583,22,523,27,"2025-07-03 08:59:01",27,"2025-07-03 08:59:01",1
584,25,523,27,"2025-07-03 08:59:01",27,"2025-07-03 08:59:01",1
585,68,523,27,"2025-07-03 08:59:01",27,"2025-07-03 08:59:01",1
586,17,525,268,"2025-07-03 12:34:19",268,"2025-07-03 12:34:19",1
587,52,527,27,"2025-07-03 16:09:42",27,"2025-07-03 16:09:42",1
588,17,529,235,"2025-07-04 09:08:48",235,"2025-07-04 09:08:48",1
589,22,529,235,"2025-07-04 09:08:48",235,"2025-07-04 09:08:48",1
590,40,529,235,"2025-07-04 09:08:48",235,"2025-07-04 09:08:48",1
591,59,529,235,"2025-07-04 09:08:48",235,"2025-07-04 09:08:48",1
592,72,529,235,"2025-07-04 09:08:48",235,"2025-07-04 09:08:48",1
593,107,529,235,"2025-07-04 09:08:48",235,"2025-07-04 09:08:48",1
594,112,529,235,"2025-07-04 09:08:48",235,"2025-07-04 09:08:48",1
595,52,504,235,"2025-07-07 11:59:31",235,"2025-07-07 11:59:31",1
596,40,532,235,"2025-07-07 15:08:36",235,"2025-07-07 15:08:36",1
597,73,532,235,"2025-07-07 15:08:36",235,"2025-07-07 15:08:36",1
598,76,532,235,"2025-07-07 15:08:36",235,"2025-07-07 15:08:36",1
599,111,532,235,"2025-07-07 15:08:36",235,"2025-07-07 15:08:36",1
600,13,533,235,"2025-07-07 16:50:57",235,"2025-07-07 16:50:57",1
601,68,533,235,"2025-07-07 16:50:57",235,"2025-07-07 16:50:57",1
602,42,534,81,"2025-07-07 18:01:48",81,"2025-07-07 18:01:48",1
603,17,537,268,"2025-07-08 13:39:11",268,"2025-07-08 13:39:11",1
604,13,538,81,"2025-07-08 18:03:17",81,"2025-07-08 18:03:17",1
605,23,538,81,"2025-07-08 18:03:17",81,"2025-07-08 18:03:17",1
606,25,538,81,"2025-07-08 18:03:17",81,"2025-07-08 18:03:17",1
607,13,541,27,"2025-07-11 13:12:32",27,"2025-07-11 13:12:32",1
608,23,541,27,"2025-07-11 13:12:32",27,"2025-07-11 13:12:32",1
609,25,541,27,"2025-07-11 13:12:32",27,"2025-07-11 13:12:32",1
610,40,541,27,"2025-07-11 13:12:32",27,"2025-07-11 13:12:32",1
611,107,541,27,"2025-07-11 13:12:32",27,"2025-07-11 13:12:32",1
612,13,542,268,"2025-07-11 13:18:13",268,"2025-07-11 13:18:13",1
613,68,542,268,"2025-07-11 13:18:13",268,"2025-07-11 13:18:13",1
614,13,543,27,"2025-07-11 14:29:21",27,"2025-07-11 14:29:21",1
615,13,544,268,"2025-07-11 16:16:01",268,"2025-07-11 16:16:01",1
616,25,544,268,"2025-07-11 16:16:01",268,"2025-07-11 16:16:01",1
617,40,544,268,"2025-07-11 16:16:01",268,"2025-07-11 16:16:01",1
620,76,547,27,"2025-07-11 16:53:57",27,"2025-07-11 16:53:57",1
621,13,549,268,"2025-07-14 15:31:25",268,"2025-07-14 15:31:25",1
622,15,549,268,"2025-07-14 15:31:25",268,"2025-07-14 15:31:25",1
623,68,549,268,"2025-07-14 15:31:25",268,"2025-07-14 15:31:25",1
624,17,550,81,"2025-07-15 20:22:55",81,"2025-07-15 20:22:55",1
625,42,550,81,"2025-07-15 20:22:55",81,"2025-07-15 20:22:55",1
626,42,551,268,"2025-07-16 14:46:16",268,"2025-07-16 14:46:16",1
627,26,553,81,"2025-07-16 22:47:30",81,"2025-07-16 22:47:30",1
628,22,555,431,"2025-07-17 14:13:43",431,"2025-07-17 14:13:43",1
629,23,555,431,"2025-07-17 14:13:43",431,"2025-07-17 14:13:43",1
630,25,555,431,"2025-07-17 14:13:43",431,"2025-07-17 14:13:43",1
631,38,559,235,"2025-07-18 16:23:14",235,"2025-07-18 16:23:14",1
632,33,560,81,"2025-07-18 16:52:40",81,"2025-07-18 16:52:40",1
633,43,562,27,"2025-07-21 08:47:47",27,"2025-07-21 08:47:47",1
634,23,563,27,"2025-07-21 08:55:17",27,"2025-07-21 08:55:17",1
635,43,563,27,"2025-07-21 08:55:17",27,"2025-07-21 08:55:17",1
636,22,570,27,"2025-07-21 16:07:11",27,"2025-07-21 16:07:11",1
637,43,570,27,"2025-07-21 16:07:11",27,"2025-07-21 16:07:11",1
638,61,570,27,"2025-07-21 16:07:11",27,"2025-07-21 16:07:11",1
639,38,571,27,"2025-07-21 16:15:04",27,"2025-07-21 16:15:04",1
640,17,572,268,"2025-07-22 08:18:14",268,"2025-07-22 08:18:14",1
641,38,412,235,"2025-07-22 11:32:45",235,"2025-07-22 11:32:45",1
642,111,573,27,"2025-07-22 16:59:15",27,"2025-07-22 16:59:15",1
643,26,575,27,"2025-07-23 08:26:03",27,"2025-07-23 08:26:03",1
644,13,578,431,"2025-07-24 14:44:42",431,"2025-07-24 14:44:42",1
645,20,578,431,"2025-07-24 14:44:42",431,"2025-07-24 14:44:42",1
646,25,578,431,"2025-07-24 14:44:42",431,"2025-07-24 14:44:42",1
654,17,586,268,"2025-07-25 12:28:29",268,"2025-07-25 12:28:29",1
655,48,591,27,"2025-07-28 10:07:16",27,"2025-07-28 10:07:16",1
656,78,591,27,"2025-07-28 10:07:16",27,"2025-07-28 10:07:16",1
657,76,592,27,"2025-07-28 10:25:25",27,"2025-07-28 10:25:25",1
658,25,593,27,"2025-07-28 10:32:28",27,"2025-07-28 10:32:28",1
659,43,593,27,"2025-07-28 10:32:28",27,"2025-07-28 10:32:28",1
660,17,594,27,"2025-07-28 10:38:04",27,"2025-07-28 10:38:04",1
667,17,601,268,"2025-07-29 09:05:42",268,"2025-07-29 09:05:42",1
668,40,605,268,"2025-07-29 15:41:05",268,"2025-07-29 15:41:05",1
669,52,605,268,"2025-07-29 15:41:05",268,"2025-07-29 15:41:05",1
670,17,549,992,"2025-07-29 16:21:41",992,"2025-07-29 16:21:41",1
671,27,606,81,"2025-07-29 21:22:37",81,"2025-07-29 21:22:37",1
673,70,609,27,"2025-07-31 08:33:31",27,"2025-07-31 08:33:31",1
674,13,610,235,"2025-08-01 10:35:04",235,"2025-08-01 10:35:04",1
675,20,610,235,"2025-08-01 10:35:04",235,"2025-08-01 10:35:04",1
676,25,610,235,"2025-08-01 10:35:04",235,"2025-08-01 10:35:04",1
677,40,610,235,"2025-08-01 10:35:04",235,"2025-08-01 10:35:04",1
678,66,610,235,"2025-08-01 10:35:04",235,"2025-08-01 10:35:04",1
679,68,610,235,"2025-08-01 10:35:04",235,"2025-08-01 10:35:04",1
680,22,611,27,"2025-08-01 11:22:34",27,"2025-08-01 11:22:34",1
681,23,611,27,"2025-08-01 11:22:34",27,"2025-08-01 11:22:34",1
682,40,611,27,"2025-08-01 11:22:34",27,"2025-08-01 11:22:34",1
683,112,611,27,"2025-08-01 11:22:34",27,"2025-08-01 11:22:34",1
684,23,613,235,"2025-08-04 10:54:00",235,"2025-08-04 10:54:00",1
685,40,613,235,"2025-08-04 10:54:00",235,"2025-08-04 10:54:00",1
686,51,616,431,"2025-08-04 15:59:10",431,"2025-08-04 15:59:10",1
687,43,629,268,"2025-08-08 09:28:07",268,"2025-08-08 09:28:07",1
688,70,629,268,"2025-08-08 09:28:07",268,"2025-08-08 09:28:07",1
689,13,632,268,"2025-08-08 16:44:57",268,"2025-08-08 16:44:57",1
690,40,632,268,"2025-08-08 16:44:57",268,"2025-08-08 16:44:57",1
691,42,632,268,"2025-08-08 16:44:57",268,"2025-08-08 16:44:57",1
692,15,632,235,"2025-08-11 13:29:17",235,"2025-08-11 13:29:17",1
693,57,632,235,"2025-08-11 13:29:17",235,"2025-08-11 13:29:17",1
694,113,632,235,"2025-08-11 13:29:17",235,"2025-08-11 13:29:17",1
695,40,635,235,"2025-08-15 13:22:45",235,"2025-08-15 13:22:45",1
696,58,637,235,"2025-08-18 13:31:24",235,"2025-08-18 13:31:24",1
697,70,637,235,"2025-08-18 13:31:24",235,"2025-08-18 13:31:24",1
698,55,640,268,"2025-08-19 11:21:43",268,"2025-08-19 11:21:43",1
699,17,641,268,"2025-08-19 13:28:48",268,"2025-08-19 13:28:48",1
700,19,642,268,"2025-08-20 10:26:58",268,"2025-08-20 10:26:58",1
701,58,642,268,"2025-08-20 10:26:58",268,"2025-08-20 10:26:58",1
702,51,643,235,"2025-08-21 08:54:10",235,"2025-08-21 08:54:10",1
703,51,479,235,"2025-08-21 11:36:35",235,"2025-08-21 11:36:35",1
704,43,645,268,"2025-08-21 16:08:35",268,"2025-08-21 16:08:35",1
705,52,639,268,"2025-08-21 16:57:14",268,"2025-08-21 16:57:14",1
706,25,646,268,"2025-08-22 10:27:27",268,"2025-08-22 10:27:27",1
707,107,646,268,"2025-08-22 10:27:27",268,"2025-08-22 10:27:27",1
708,52,638,235,"2025-08-23 09:59:14",235,"2025-08-23 09:59:14",1
709,56,638,235,"2025-08-23 09:59:14",235,"2025-08-23 09:59:14",1
710,17,650,268,"2025-08-26 09:08:57",268,"2025-08-26 09:08:57",1
711,68,509,27,"2025-08-26 09:28:27",27,"2025-08-26 09:28:27",1
712,20,653,27,"2025-08-26 10:24:11",27,"2025-08-26 10:24:11",1
713,22,653,27,"2025-08-26 10:24:11",27,"2025-08-26 10:24:11",1
714,25,653,27,"2025-08-26 10:24:11",27,"2025-08-26 10:24:11",1
715,17,655,27,"2025-08-28 11:40:19",27,"2025-08-28 11:40:19",1
716,20,657,268,"2025-08-29 11:22:10",268,"2025-08-29 11:22:10",1
717,40,657,268,"2025-08-29 11:22:10",268,"2025-08-29 11:22:10",1
718,51,657,268,"2025-08-29 11:22:10",268,"2025-08-29 11:22:10",1
719,22,659,27,"2025-08-29 14:25:39",27,"2025-08-29 14:25:39",1
720,23,659,27,"2025-08-29 14:25:39",27,"2025-08-29 14:25:39",1
721,13,660,27,"2025-09-03 09:03:32",27,"2025-09-03 09:03:32",1
722,23,660,27,"2025-09-03 09:03:32",27,"2025-09-03 09:03:32",1
723,68,660,27,"2025-09-03 09:03:32",27,"2025-09-03 09:03:32",1
724,20,661,268,"2025-09-04 09:09:00",268,"2025-09-04 09:09:00",1
725,23,661,268,"2025-09-04 09:09:00",268,"2025-09-04 09:09:00",1
726,25,661,268,"2025-09-04 09:09:00",268,"2025-09-04 09:09:00",1
727,40,661,268,"2025-09-04 09:09:00",268,"2025-09-04 09:09:00",1
728,68,661,268,"2025-09-04 09:09:00",268,"2025-09-04 09:09:00",1
729,20,663,268,"2025-09-08 08:38:58",268,"2025-09-08 08:38:58",1
730,52,663,268,"2025-09-08 08:38:58",268,"2025-09-08 08:38:58",1
731,73,664,27,"2025-09-08 10:09:07",27,"2025-09-08 10:09:07",1
732,17,665,992,"2025-09-08 10:31:26",992,"2025-09-08 10:31:26",1
733,17,667,27,"2025-09-08 11:11:13",27,"2025-09-08 11:11:13",1
734,17,668,27,"2025-09-08 11:13:32",27,"2025-09-08 11:13:32",1
735,23,670,27,"2025-09-08 11:23:18",27,"2025-09-08 11:23:18",1
736,26,670,27,"2025-09-08 11:23:18",27,"2025-09-08 11:23:18",1
737,68,670,27,"2025-09-08 11:23:18",27,"2025-09-08 11:23:18",1
738,22,671,27,"2025-09-08 14:48:38",27,"2025-09-08 14:48:38",1
739,23,671,27,"2025-09-08 14:48:38",27,"2025-09-08 14:48:38",1
740,52,672,27,"2025-09-08 14:59:57",27,"2025-09-08 14:59:57",1
741,13,673,27,"2025-09-08 16:09:57",27,"2025-09-08 16:09:57",1
742,22,673,27,"2025-09-08 16:09:57",27,"2025-09-08 16:09:57",1
743,23,673,27,"2025-09-08 16:09:57",27,"2025-09-08 16:09:57",1
744,42,674,81,"2025-09-08 16:38:28",81,"2025-09-08 16:38:28",1
745,38,675,81,"2025-09-08 16:43:55",81,"2025-09-08 16:43:55",1
746,76,676,81,"2025-09-08 16:48:54",81,"2025-09-08 16:48:54",1
747,40,677,27,"2025-09-09 08:56:01",27,"2025-09-09 08:56:01",1
748,107,677,27,"2025-09-09 08:56:01",27,"2025-09-09 08:56:01",1
749,110,677,27,"2025-09-09 08:56:01",27,"2025-09-09 08:56:01",1
750,78,678,27,"2025-09-09 09:32:05",27,"2025-09-09 09:32:05",1
751,78,680,27,"2025-09-09 10:17:26",27,"2025-09-09 10:17:26",1
752,58,681,268,"2025-09-09 16:18:52",268,"2025-09-09 16:18:52",1
753,13,682,27,"2025-09-09 17:01:02",27,"2025-09-09 17:01:02",1
754,68,683,27,"2025-09-10 08:54:35",27,"2025-09-10 08:54:35",1
755,42,684,27,"2025-09-10 08:58:29",27,"2025-09-10 08:58:29",1
756,52,685,27,"2025-09-10 09:05:56",27,"2025-09-10 09:05:56",1
757,76,686,268,"2025-09-10 14:16:08",268,"2025-10-02 14:36:09",0
758,26,335,81,"2025-09-15 23:47:07",81,"2025-09-15 23:47:07",1
759,25,692,27,"2025-09-16 08:25:27",27,"2025-09-16 08:25:27",1
760,40,692,27,"2025-09-16 08:25:27",27,"2025-09-16 08:25:27",1
761,48,692,27,"2025-09-16 08:25:27",27,"2025-09-16 08:25:27",1
762,16,693,27,"2025-09-16 08:31:22",27,"2025-09-16 08:31:22",1
763,20,693,27,"2025-09-16 08:31:22",27,"2025-09-16 08:31:22",1
764,52,693,235,"2025-09-16 14:03:12",235,"2025-09-16 14:03:12",1
765,13,695,81,"2025-09-17 22:48:14",81,"2025-09-17 22:48:14",1
766,22,695,81,"2025-09-17 22:48:14",81,"2025-09-17 22:48:14",1
767,23,695,81,"2025-09-17 22:48:14",81,"2025-09-17 22:48:14",1
768,25,695,81,"2025-09-17 22:48:14",81,"2025-09-17 22:48:14",1
769,48,698,235,"2025-09-18 14:25:06",235,"2025-09-18 14:25:06",1
770,33,699,235,"2025-09-18 14:44:15",235,"2025-09-18 14:44:15",1
771,43,699,235,"2025-09-18 14:44:15",235,"2025-09-18 14:44:15",1
772,68,702,235,"2025-09-19 15:04:42",235,"2025-09-19 15:04:42",1
773,52,703,992,"2025-09-19 15:52:17",992,"2025-09-19 15:52:17",1
774,20,705,268,"2025-09-22 12:13:28",268,"2025-09-22 12:13:28",1
775,52,705,268,"2025-09-22 12:13:28",268,"2025-09-22 12:13:28",1
776,52,706,27,"2025-09-22 14:11:35",27,"2025-09-22 14:11:35",1
777,27,707,27,"2025-09-22 15:07:04",27,"2025-09-22 15:07:04",1
778,42,708,431,"2025-09-23 16:53:28",431,"2025-09-23 16:53:28",1
779,73,710,235,"2025-09-24 12:38:15",235,"2025-09-24 12:38:15",1
780,16,712,27,"2025-09-24 15:16:21",27,"2025-09-24 15:16:21",1
781,20,712,27,"2025-09-24 15:16:21",27,"2025-09-24 15:16:21",1
782,56,712,27,"2025-09-24 15:16:21",27,"2025-09-24 15:16:21",1
783,25,715,431,"2025-09-26 22:22:27",431,"2025-09-26 22:22:27",1
784,13,718,27,"2025-09-30 13:15:17",27,"2025-09-30 13:15:17",1
785,20,718,27,"2025-09-30 13:15:17",27,"2025-09-30 13:15:17",1
786,42,718,27,"2025-09-30 13:15:17",27,"2025-09-30 13:15:17",1
787,68,686,268,"2025-10-02 09:33:40",268,"2025-10-02 09:33:40",1
788,13,686,268,"2025-10-02 14:36:09",268,"2025-10-02 14:36:09",1
789,23,686,268,"2025-10-02 14:36:09",268,"2025-10-02 14:36:09",1
790,40,686,268,"2025-10-02 14:36:09",268,"2025-10-02 14:36:09",1
791,112,686,268,"2025-10-02 14:44:25",268,"2025-10-02 14:44:25",1
792,26,326,27,"2025-10-03 13:24:04",27,"2025-10-03 13:24:04",1
793,52,720,81,"2025-10-03 14:08:35",81,"2025-10-03 14:08:35",1
794,17,721,27,"2025-10-06 14:19:27",27,"2025-10-06 14:19:27",1
795,20,722,27,"2025-10-06 14:30:41",27,"2025-10-06 14:30:41",1
796,22,722,27,"2025-10-06 14:30:41",27,"2025-10-06 14:30:41",1
797,23,722,27,"2025-10-06 14:30:41",27,"2025-10-06 14:30:41",1
798,26,725,27,"2025-10-08 10:01:19",27,"2025-10-08 10:01:19",1
799,52,681,235,"2025-10-08 17:24:37",235,"2025-10-08 17:24:37",1
800,15,727,235,"2025-10-09 09:50:10",235,"2025-10-09 09:50:10",1
801,43,727,235,"2025-10-09 09:50:10",235,"2025-10-09 09:50:10",1
802,26,729,27,"2025-10-09 13:27:45",27,"2025-10-09 13:27:45",1
803,13,730,235,"2025-10-09 14:21:08",235,"2025-10-09 14:21:08",1
804,17,731,431,"2025-10-09 21:44:20",431,"2025-10-09 21:44:20",1
805,52,733,431,"2025-10-10 15:17:58",431,"2025-10-10 15:17:58",1
806,51,734,431,"2025-10-10 15:22:47",431,"2025-10-10 15:22:47",1
807,17,732,268,"2025-10-10 15:25:05",268,"2025-10-10 15:25:05",1
808,22,735,431,"2025-10-10 15:25:56",431,"2025-10-10 15:25:56",1
809,23,735,431,"2025-10-10 15:25:56",431,"2025-10-10 15:25:56",1
810,25,735,431,"2025-10-10 15:25:56",431,"2025-10-10 15:25:56",1
811,54,736,268,"2025-10-13 09:31:53",268,"2025-10-13 09:31:53",1
812,56,736,268,"2025-10-13 09:31:53",268,"2025-10-13 09:31:53",1
813,70,736,268,"2025-10-13 09:31:53",268,"2025-10-13 09:31:53",1
814,17,738,268,"2025-10-13 11:45:07",268,"2025-10-13 11:45:07",1
815,13,741,235,"2025-10-14 14:38:20",235,"2025-10-14 14:38:20",1
816,23,741,235,"2025-10-14 14:38:20",235,"2025-10-14 14:38:20",1
817,19,744,235,"2025-10-15 10:40:36",235,"2025-10-15 10:40:36",1
818,51,744,235,"2025-10-15 10:40:36",235,"2025-10-15 10:40:36",1
819,38,746,235,"2025-10-15 11:10:49",235,"2025-10-15 11:10:49",1
820,40,746,235,"2025-10-15 11:10:49",235,"2025-10-15 11:10:49",1
821,42,746,235,"2025-10-15 11:10:49",235,"2025-10-15 11:10:49",1
822,70,746,235,"2025-10-15 11:10:49",235,"2025-10-15 11:10:49",1
823,110,746,235,"2025-10-15 11:10:49",235,"2025-10-15 11:10:49",1
824,17,747,235,"2025-10-15 11:36:50",235,"2025-10-15 11:36:50",1
825,72,749,268,"2025-10-16 08:15:07",268,"2025-10-16 08:15:07",1
826,73,749,268,"2025-10-16 08:15:07",268,"2025-10-16 08:15:07",1
827,26,752,81,"2025-10-16 22:24:56",81,"2025-10-16 22:24:56",1
828,51,753,81,"2025-10-16 22:28:31",81,"2025-10-16 22:28:31",1
829,58,753,81,"2025-10-16 22:28:31",81,"2025-10-16 22:28:31",1
830,42,547,431,"2025-10-16 23:02:08",431,"2025-10-16 23:02:08",1
831,51,757,235,"2025-10-20 14:25:24",235,"2025-10-20 14:25:24",1
832,42,759,235,"2025-10-21 11:13:13",235,"2025-10-21 11:13:13",1
833,22,730,235,"2025-10-21 14:15:04",235,"2025-10-21 14:15:04",1
834,23,730,235,"2025-10-21 14:15:04",235,"2025-10-21 14:15:04",1
835,25,730,235,"2025-10-21 14:15:04",235,"2025-10-21 14:15:04",1
836,26,730,235,"2025-10-21 14:15:04",235,"2025-10-21 14:15:04",1
837,43,730,235,"2025-10-21 14:15:04",235,"2025-10-21 14:15:04",1
838,19,762,235,"2025-10-21 14:17:23",235,"2025-10-21 14:17:23",1
839,23,763,268,"2025-10-21 14:22:40",268,"2025-10-21 14:22:40",1
840,52,763,268,"2025-10-21 14:22:40",268,"2025-10-21 14:22:40",1
841,112,763,268,"2025-10-21 14:22:40",268,"2025-10-21 14:22:40",1
842,52,764,235,"2025-10-21 15:23:55",235,"2025-10-21 15:23:55",1
843,13,766,235,"2025-10-22 10:35:58",235,"2025-10-22 10:35:58",1
844,20,766,235,"2025-10-22 10:35:58",235,"2025-10-22 10:35:58",1
845,40,766,235,"2025-10-22 10:35:58",235,"2025-10-22 10:35:58",1
846,68,766,235,"2025-10-22 10:35:58",235,"2025-10-22 10:35:58",1
847,113,766,235,"2025-10-22 10:35:58",235,"2025-10-22 10:35:58",1
848,52,769,235,"2025-10-22 16:44:16",235,"2025-10-22 16:44:16",1
849,17,771,235,"2025-10-22 17:55:16",235,"2025-10-22 17:55:16",1
850,13,774,268,"2025-10-27 08:21:36",268,"2025-10-27 08:21:36",1
851,20,774,268,"2025-10-27 08:21:36",268,"2025-10-27 08:21:36",1
852,17,750,268,"2025-10-27 08:45:22",268,"2025-10-27 08:45:22",1
853,20,775,268,"2025-10-27 08:58:58",268,"2025-10-27 08:58:58",1
854,56,767,268,"2025-10-27 09:16:55",268,"2025-10-27 09:16:55",1
855,70,767,268,"2025-10-27 09:16:55",268,"2025-10-27 09:16:55",1
856,76,777,268,"2025-10-27 09:27:55",268,"2025-10-27 09:27:55",1
857,17,779,268,"2025-10-27 15:42:29",268,"2025-10-27 15:42:29",1
858,25,780,268,"2025-10-28 08:25:04",268,"2025-10-28 08:25:04",1
859,107,780,268,"2025-10-28 08:25:04",268,"2025-10-28 08:25:04",1
860,58,781,27,"2025-10-28 09:20:07",27,"2025-10-28 09:20:07",1
861,22,783,27,"2025-10-28 11:39:32",27,"2025-10-28 11:39:32",1
862,23,783,27,"2025-10-28 11:39:32",27,"2025-10-28 11:39:32",1
863,25,783,27,"2025-10-28 11:39:32",27,"2025-10-28 11:39:32",1
864,26,784,27,"2025-10-28 12:03:23",27,"2025-10-28 12:03:23",1
865,17,786,27,"2025-10-29 12:05:43",27,"2025-10-29 12:05:43",1
866,21,786,27,"2025-10-29 12:05:43",27,"2025-10-29 12:05:43",1
867,20,787,235,"2025-10-29 12:06:40",235,"2025-10-29 12:06:40",1
868,68,787,235,"2025-10-29 12:06:40",235,"2025-10-29 12:06:40",1
869,43,795,27,"2025-11-03 14:59:24",27,"2025-11-03 14:59:24",1
870,38,796,27,"2025-11-03 16:12:35",27,"2025-11-03 16:12:35",1
871,13,798,235,"2025-11-04 12:23:57",235,"2025-11-04 12:23:57",1
872,76,799,235,"2025-11-05 16:58:09",235,"2025-11-05 16:58:09",1
873,26,800,81,"2025-11-05 19:36:58",81,"2025-11-05 19:36:58",1
874,43,804,235,"2025-11-10 11:47:29",235,"2025-11-10 11:47:29",1
875,42,805,235,"2025-11-10 11:49:28",235,"2025-11-10 11:49:28",1
876,17,806,235,"2025-11-10 12:22:41",235,"2025-11-10 12:22:41",1
877,40,806,235,"2025-11-10 12:22:41",235,"2025-11-10 12:22:41",1
878,48,806,235,"2025-11-10 12:22:41",235,"2025-11-10 12:22:41",1
879,59,806,235,"2025-11-10 12:22:41",235,"2025-11-10 12:22:41",1
880,78,806,235,"2025-11-10 12:22:41",235,"2025-11-10 12:22:41",1
881,17,807,235,"2025-11-10 16:51:36",235,"2025-11-10 16:51:36",1
882,52,808,81,"2025-11-10 18:40:34",81,"2025-11-10 18:40:34",1
883,17,809,81,"2025-11-10 22:54:05",81,"2025-11-10 22:54:05",1
884,17,811,235,"2025-11-11 11:11:50",235,"2025-11-11 11:11:50",1
885,20,811,235,"2025-11-11 11:11:50",235,"2025-11-11 11:11:50",1
886,39,811,235,"2025-11-11 11:11:50",235,"2025-11-11 11:11:50",1
887,41,811,235,"2025-11-11 11:11:50",235,"2025-11-11 11:11:50",1
888,53,811,235,"2025-11-11 11:11:50",235,"2025-11-11 11:11:50",1
889,17,812,235,"2025-11-11 11:16:39",235,"2025-11-11 11:16:39",1
890,61,817,235,"2025-11-14 16:24:16",235,"2025-11-14 16:24:16",1
891,30,821,268,"2025-11-18 12:27:55",268,"2025-11-18 12:27:55",1
892,26,823,431,"2025-11-18 19:16:15",431,"2025-11-18 19:16:15",1
893,52,823,431,"2025-11-18 19:16:15",431,"2025-11-18 19:16:15",1
894,32,372,81,"2025-11-18 22:21:28",81,"2025-11-18 22:21:28",1
895,47,438,992,"2025-11-19 14:25:02",992,"2025-11-19 14:25:02",1
896,68,438,992,"2025-11-19 14:25:02",992,"2025-11-19 14:25:02",1
897,52,825,235,"2025-11-20 09:28:36",235,"2025-11-20 09:28:36",1
898,20,829,235,"2025-11-24 11:04:47",235,"2025-11-24 11:04:47",1
899,42,829,235,"2025-11-24 11:04:47",235,"2025-11-24 11:04:47",1
900,20,830,235,"2025-11-24 11:24:47",235,"2025-11-24 11:24:47",1
904,17,832,27,"2025-11-24 14:20:28",27,"2025-11-24 14:20:28",1
905,26,833,27,"2025-11-24 14:28:17",27,"2025-11-24 14:28:17",1
906,25,836,27,"2025-11-24 16:21:00",27,"2025-11-24 16:21:00",1
907,30,836,27,"2025-11-24 16:21:00",27,"2025-11-24 16:21:00",1
908,31,836,27,"2025-11-24 16:21:00",27,"2025-11-24 16:21:00",1
909,42,837,27,"2025-11-24 16:35:07",27,"2025-11-24 16:35:07",1
910,32,843,27,"2025-11-25 16:12:15",27,"2025-11-25 16:12:15",1
911,68,845,27,"2025-11-26 14:43:20",27,"2025-11-26 14:43:20",1
912,76,846,27,"2025-11-26 14:47:47",27,"2025-11-26 14:47:47",1
913,13,853,235,"2025-11-28 14:58:57",235,"2025-11-28 14:58:57",1
914,20,853,235,"2025-11-28 14:58:57",235,"2025-11-28 14:58:57",1
915,23,853,235,"2025-11-28 14:58:57",235,"2025-11-28 14:58:57",1
916,40,853,235,"2025-11-28 14:58:57",235,"2025-11-28 14:58:57",1
917,68,853,235,"2025-11-28 14:58:57",235,"2025-11-28 14:58:57",1
918,112,853,235,"2025-11-28 14:58:57",235,"2025-11-28 14:58:57",1
919,56,854,235,"2025-11-28 16:20:32",235,"2025-11-28 16:20:32",1
920,27,830,235,"2025-12-01 11:07:53",235,"2025-12-01 11:07:53",1
921,42,830,235,"2025-12-01 11:07:53",235,"2025-12-01 11:07:53",1
922,51,830,235,"2025-12-01 11:07:53",235,"2025-12-01 11:07:53",1
923,40,855,235,"2025-12-01 11:18:17",235,"2025-12-01 11:18:17",1
924,45,855,235,"2025-12-01 11:18:17",235,"2025-12-01 11:18:17",1
925,114,855,235,"2025-12-01 11:18:17",235,"2025-12-01 11:18:17",1
927,17,858,235,"2025-12-01 11:32:21",235,"2025-12-01 11:32:21",1
928,42,859,235,"2025-12-01 14:04:04",235,"2025-12-01 14:04:04",1
929,42,860,235,"2025-12-02 09:58:20",235,"2025-12-02 09:58:20",1
930,40,725,268,"2025-12-02 12:03:42",268,"2025-12-02 12:03:42",1
931,110,725,268,"2025-12-02 12:03:42",268,"2025-12-02 12:03:42",1
932,40,861,268,"2025-12-03 11:05:27",268,"2025-12-03 11:05:27",1
933,51,861,268,"2025-12-03 11:05:27",268,"2025-12-03 11:05:27",1
934,52,862,268,"2025-12-03 15:29:30",268,"2025-12-03 15:29:30",1
935,23,866,867,"2025-12-03 15:59:22",867,"2025-12-03 15:59:22",1
936,25,866,867,"2025-12-03 15:59:22",867,"2025-12-03 15:59:22",1
937,24,869,867,"2025-12-04 14:41:26",867,"2025-12-04 14:41:26",1
938,67,869,867,"2025-12-04 14:41:26",867,"2025-12-04 14:41:26",1
939,19,870,235,"2025-12-04 15:49:17",235,"2025-12-04 15:49:17",1
940,21,870,235,"2025-12-04 15:49:17",235,"2025-12-04 15:49:17",1
941,42,871,867,"2025-12-04 15:52:32",867,"2025-12-04 15:52:32",1
942,52,871,867,"2025-12-04 15:52:32",867,"2025-12-04 15:52:32",1
943,26,872,81,"2025-12-04 21:21:43",81,"2025-12-04 21:21:43",1
944,52,873,27,"2025-12-05 11:39:40",27,"2025-12-05 11:39:40",1
945,13,874,27,"2025-12-05 11:50:52",27,"2025-12-05 11:50:52",1
946,68,874,27,"2025-12-05 11:50:52",27,"2025-12-05 11:50:52",1
947,40,875,268,"2025-12-05 13:31:27",268,"2025-12-05 13:31:27",1
948,49,875,268,"2025-12-05 13:31:27",268,"2025-12-05 13:31:27",1
949,26,876,81,"2025-12-05 19:05:10",81,"2025-12-05 19:05:10",1
953,52,881,27,"2025-12-08 10:32:49",27,"2025-12-08 10:32:49",1
954,17,883,27,"2025-12-08 16:31:30",27,"2025-12-08 16:31:30",1
955,52,884,81,"2025-12-08 21:07:39",81,"2025-12-08 21:07:39",1
956,26,885,81,"2025-12-08 21:38:52",81,"2025-12-08 21:38:52",1
957,61,887,268,"2025-12-09 13:23:21",268,"2025-12-09 13:23:21",1
958,20,888,27,"2025-12-09 14:03:41",27,"2025-12-09 14:03:41",1
959,23,888,27,"2025-12-09 14:03:41",27,"2025-12-09 14:03:41",1
960,26,890,81,"2025-12-09 22:19:11",81,"2025-12-09 22:19:11",1
961,51,891,27,"2025-12-10 12:11:36",27,"2025-12-10 12:11:36",1
962,13,892,235,"2025-12-10 12:12:59",235,"2025-12-10 12:12:59",1
963,23,892,235,"2025-12-10 12:12:59",235,"2025-12-10 12:12:59",1
964,25,892,235,"2025-12-10 12:12:59",235,"2025-12-10 12:12:59",1
965,112,892,235,"2025-12-10 12:12:59",235,"2025-12-10 12:12:59",1
966,18,893,235,"2025-12-10 12:30:30",235,"2025-12-10 12:30:30",1
967,34,893,235,"2025-12-10 12:30:30",235,"2025-12-10 12:30:30",1
968,35,893,235,"2025-12-10 12:30:30",235,"2025-12-10 12:30:30",1
969,38,894,81,"2025-12-11 19:53:12",81,"2025-12-11 19:53:12",1
970,17,895,81,"2025-12-11 19:59:22",81,"2025-12-11 19:59:22",1
971,48,895,81,"2025-12-11 19:59:22",81,"2025-12-11 19:59:22",1
972,26,896,81,"2025-12-11 20:31:04",81,"2025-12-11 20:31:04",1
973,25,898,81,"2025-12-11 20:53:35",81,"2025-12-11 20:53:35",1
974,38,899,81,"2025-12-11 21:01:23",81,"2025-12-11 21:01:23",1
975,57,902,81,"2025-12-12 14:10:24",81,"2025-12-12 14:10:24",1
976,51,903,81,"2025-12-12 15:06:56",81,"2025-12-12 15:06:56",1
977,52,905,81,"2025-12-12 16:37:14",81,"2025-12-12 16:37:14",1
978,57,905,81,"2025-12-12 16:37:14",81,"2025-12-12 16:37:14",1
979,76,906,27,"2025-12-12 16:51:39",27,"2025-12-12 16:51:39",1
980,26,908,81,"2025-12-12 16:55:20",81,"2025-12-12 16:55:20",1
981,38,909,81,"2025-12-12 17:25:07",81,"2025-12-12 17:25:07",1
982,33,910,81,"2025-12-12 17:30:43",81,"2025-12-12 17:30:43",1
983,58,912,81,"2025-12-12 18:30:14",81,"2025-12-12 18:30:14",1
984,26,913,81,"2025-12-12 18:58:51",81,"2025-12-12 18:58:51",1
985,26,914,81,"2025-12-12 19:07:18",81,"2025-12-12 19:07:18",1
986,68,915,81,"2025-12-12 19:17:02",81,"2025-12-12 19:17:02",1
987,73,919,867,"2025-12-15 15:12:06",867,"2025-12-15 15:12:06",1
988,73,920,867,"2025-12-15 15:14:29",867,"2025-12-15 15:14:29",1
989,15,891,27,"2025-12-15 16:40:34",27,"2025-12-15 16:40:34",1
990,42,924,235,"2025-12-16 13:53:22",235,"2025-12-16 13:53:22",1
991,17,929,235,"2025-12-18 16:25:16",235,"2025-12-18 16:25:16",1
992,19,929,235,"2025-12-18 16:25:16",235,"2025-12-18 16:25:16",1
993,52,930,235,"2025-12-18 16:37:18",235,"2025-12-18 16:37:18",1
994,40,830,235,"2025-12-19 10:02:44",235,"2025-12-19 10:02:44",1
995,115,830,235,"2025-12-19 10:02:44",235,"2025-12-19 10:02:44",1
996,40,933,268,"2025-12-19 14:38:03",268,"2025-12-19 14:38:03",1
997,49,933,268,"2025-12-19 14:38:03",268,"2025-12-19 14:38:03",1
998,17,934,867,"2025-12-19 16:47:39",867,"2025-12-19 16:47:39",1
999,40,936,268,"2025-12-22 09:57:15",268,"2025-12-22 09:57:15",1
1000,43,936,268,"2025-12-22 09:57:15",268,"2025-12-22 09:57:15",1
1001,51,940,27,"2025-12-22 12:19:44",27,"2025-12-22 12:19:44",1
1002,68,942,235,"2025-12-22 13:18:37",235,"2025-12-22 13:18:37",1
1003,57,943,235,"2025-12-22 14:02:26",235,"2025-12-22 14:02:26",1
1004,42,944,27,"2025-12-22 14:24:41",27,"2025-12-22 14:24:41",1
1005,13,945,235,"2025-12-22 14:24:59",235,"2025-12-22 14:24:59",1
1006,20,945,235,"2025-12-22 14:24:59",235,"2025-12-22 14:24:59",1
1007,23,945,235,"2025-12-22 14:24:59",235,"2025-12-22 14:24:59",1
1008,40,945,235,"2025-12-22 14:24:59",235,"2025-12-22 14:24:59",1
1009,68,945,235,"2025-12-22 14:24:59",235,"2025-12-22 14:24:59",1
1010,112,945,235,"2025-12-22 14:24:59",235,"2025-12-22 14:24:59",1
1011,28,946,268,"2025-12-23 08:27:50",268,"2025-12-23 08:27:50",1
1012,22,933,268,"2025-12-23 09:51:05",268,"2025-12-23 09:51:05",1
1013,110,933,268,"2025-12-23 09:51:05",268,"2025-12-23 09:51:05",1
1014,25,951,235,"2025-12-24 11:00:00",235,"2025-12-24 11:00:00",1
1015,40,951,235,"2025-12-24 11:00:00",235,"2025-12-24 11:00:00",1
1016,49,951,235,"2025-12-24 11:00:00",235,"2025-12-24 11:00:00",1
1017,107,951,235,"2025-12-24 11:00:00",235,"2025-12-24 11:00:00",1
1018,30,478,235,"2025-12-24 16:08:26",235,"2025-12-24 16:08:26",1
1019,31,478,235,"2025-12-24 16:08:26",235,"2025-12-24 16:08:26",1
1020,16,956,268,"2025-12-29 13:07:31",268,"2025-12-29 13:07:31",1
1021,20,956,268,"2025-12-29 13:07:31",268,"2025-12-29 13:07:31",1
1022,17,957,27,"2025-12-30 13:18:30",27,"2025-12-30 13:18:30",1
1023,19,957,27,"2025-12-30 13:18:30",27,"2025-12-30 13:18:30",1
1024,58,963,992,"2026-01-03 13:18:05",992,"2026-01-03 13:18:05",1
1025,52,964,27,"2026-01-05 09:13:36",27,"2026-01-05 09:13:36",1
1026,57,964,27,"2026-01-05 09:13:36",27,"2026-01-05 09:13:36",1
1027,42,965,27,"2026-01-05 10:15:51",27,"2026-01-05 10:15:51",1
1028,76,965,27,"2026-01-05 10:15:51",27,"2026-01-05 10:15:51",1
1029,25,967,268,"2026-01-05 14:37:18",268,"2026-01-05 14:37:18",1
1030,58,967,268,"2026-01-05 14:37:18",268,"2026-01-05 14:37:18",1
1031,72,967,268,"2026-01-05 14:37:18",268,"2026-01-05 14:37:18",1
1032,20,969,268,"2026-01-05 15:29:26",268,"2026-01-05 15:29:26",1
1033,52,969,268,"2026-01-05 15:29:26",268,"2026-01-05 15:29:26",1
1034,57,969,268,"2026-01-05 15:29:26",268,"2026-01-05 15:29:26",1
1035,37,970,268,"2026-01-06 10:43:54",268,"2026-01-06 10:43:54",1
1036,22,971,27,"2026-01-06 12:15:54",27,"2026-01-06 12:15:54",1
1037,25,971,27,"2026-01-06 12:15:54",27,"2026-01-06 12:15:54",1
1038,20,971,27,"2026-01-06 12:18:36",27,"2026-01-06 12:18:36",1
1039,27,978,27,"2026-01-08 11:47:09",27,"2026-01-08 11:47:09",1
1040,52,979,268,"2026-01-08 12:27:13",268,"2026-01-08 12:27:13",1
1041,67,979,268,"2026-01-08 12:27:13",268,"2026-01-08 12:27:13",1
1042,15,979,268,"2026-01-08 13:08:15",268,"2026-01-08 13:08:15",1
1043,15,980,235,"2026-01-08 15:47:47",235,"2026-01-08 15:47:47",1
1044,20,980,235,"2026-01-08 15:47:47",235,"2026-01-08 15:47:47",1
1045,42,980,235,"2026-01-08 15:47:47",235,"2026-01-08 15:47:47",1
1046,42,982,235,"2026-01-09 14:37:12",235,"2026-01-09 14:37:12",1
1047,52,983,235,"2026-01-12 13:19:19",235,"2026-01-12 13:19:19",1
1048,40,984,235,"2026-01-12 17:19:38",235,"2026-01-12 17:19:38",1
1049,48,984,235,"2026-01-12 17:19:38",235,"2026-01-12 17:19:38",1
1050,76,984,235,"2026-01-12 17:19:38",235,"2026-01-12 17:19:38",1
1051,78,984,235,"2026-01-12 17:19:38",235,"2026-01-12 17:19:38",1
1052,22,985,81,"2026-01-12 17:22:43",81,"2026-01-12 17:22:43",1
1053,23,985,81,"2026-01-12 17:22:43",81,"2026-01-12 17:22:43",1
1054,25,985,81,"2026-01-12 17:22:43",81,"2026-01-12 17:22:43",1
1055,25,676,81,"2026-01-12 17:27:18",81,"2026-01-12 17:27:18",1
1056,42,988,235,"2026-01-13 11:50:47",235,"2026-01-13 11:50:47",1
1057,40,989,268,"2026-01-13 13:38:20",268,"2026-01-13 13:38:20",1
1058,110,989,268,"2026-01-13 13:38:20",268,"2026-01-13 13:38:20",1
1059,13,992,235,"2026-01-14 09:21:29",235,"2026-01-14 09:21:29",1
1060,17,992,235,"2026-01-14 09:21:29",235,"2026-01-14 09:21:29",1
1061,20,992,235,"2026-01-14 09:21:29",235,"2026-01-14 09:21:29",1
1062,23,992,235,"2026-01-14 09:21:29",235,"2026-01-14 09:21:29",1
1063,37,992,235,"2026-01-14 09:21:29",235,"2026-01-14 09:21:29",1
1064,40,992,235,"2026-01-14 09:21:29",235,"2026-01-14 09:21:29",1
1065,68,992,235,"2026-01-14 09:21:29",235,"2026-01-14 09:21:29",1
1080,15,994,235,"2026-01-14 09:31:07",235,"2026-01-14 09:31:07",1
1081,16,994,235,"2026-01-14 09:31:07",235,"2026-01-14 09:31:07",1
1082,17,994,235,"2026-01-14 09:31:07",235,"2026-01-14 09:31:07",1
1083,20,994,235,"2026-01-14 09:31:07",235,"2026-01-14 09:31:07",1
1084,22,994,235,"2026-01-14 09:31:07",235,"2026-01-14 09:31:07",1
1085,23,994,235,"2026-01-14 09:31:07",235,"2026-01-14 09:31:07",1
1086,25,994,235,"2026-01-14 09:31:07",235,"2026-01-14 09:31:07",1
1087,28,994,235,"2026-01-14 09:31:07",235,"2026-01-14 09:31:07",1
1088,30,994,235,"2026-01-14 09:31:07",235,"2026-01-14 09:31:07",1
1089,31,994,235,"2026-01-14 09:31:07",235,"2026-01-14 09:31:07",1
1090,40,994,235,"2026-01-14 09:31:07",235,"2026-01-14 09:31:07",1
1091,42,994,235,"2026-01-14 09:31:07",235,"2026-01-14 09:31:07",1
1092,102,994,235,"2026-01-14 09:31:07",235,"2026-01-14 09:31:07",1
1093,112,994,235,"2026-01-14 09:31:07",235,"2026-01-14 09:31:07",1
1094,17,995,268,"2026-01-14 09:48:59",268,"2026-01-14 09:48:59",1
1095,52,996,235,"2026-01-14 10:36:00",235,"2026-01-14 10:36:00",1
1096,17,997,268,"2026-01-14 10:49:34",268,"2026-01-14 10:49:34",1
1097,15,998,235,"2026-01-14 13:35:48",235,"2026-01-14 13:35:48",1
1098,42,998,235,"2026-01-14 13:35:48",235,"2026-01-14 13:35:48",1
1099,51,967,268,"2026-01-15 15:36:28",268,"2026-01-15 15:36:28",1
1100,31,1003,235,"2026-01-15 16:10:53",235,"2026-01-15 16:10:53",1
1101,32,1003,235,"2026-01-15 16:10:53",235,"2026-01-15 16:10:53",1
1102,34,1003,235,"2026-01-15 16:10:53",235,"2026-01-15 16:10:53",1
1103,78,1003,235,"2026-01-15 16:10:53",235,"2026-01-15 16:10:53",1
1104,25,1008,268,"2026-01-19 11:50:50",268,"2026-01-19 11:50:50",1
1105,72,1008,268,"2026-01-19 11:50:50",268,"2026-01-19 11:50:50",1
1106,56,1010,235,"2026-01-19 17:32:56",235,"2026-01-19 17:32:56",1
1107,70,1010,235,"2026-01-19 17:32:56",235,"2026-01-19 17:32:56",1
1108,19,1013,235,"2026-01-20 12:24:34",235,"2026-01-20 12:24:34",1
1109,48,1015,235,"2026-01-21 10:32:36",235,"2026-01-21 10:32:36",1
1110,42,1016,235,"2026-01-21 12:29:54",235,"2026-01-21 12:29:54",1
1111,17,1020,27,"2026-01-21 16:10:30",27,"2026-01-21 16:10:30",1
1112,22,1021,235,"2026-01-22 12:30:32",235,"2026-01-22 12:30:32",1
1113,23,1021,235,"2026-01-22 12:30:32",235,"2026-01-22 12:30:32",1
1114,25,1021,235,"2026-01-22 12:30:32",235,"2026-01-22 12:30:32",1
1115,23,1022,235,"2026-01-22 15:01:57",235,"2026-01-22 15:01:57",1
1116,25,1022,235,"2026-01-22 15:01:57",235,"2026-01-22 15:01:57",1
1117,49,1022,235,"2026-01-22 15:01:57",235,"2026-01-22 15:01:57",1
1118,76,1023,235,"2026-01-22 16:56:12",235,"2026-01-22 16:56:12",1
1119,54,810,235,"2026-01-23 09:47:59",235,"2026-01-23 09:47:59",1
1120,13,810,235,"2026-01-23 09:48:44",235,"2026-01-23 09:48:44",1
1121,20,810,235,"2026-01-23 09:48:44",235,"2026-01-23 09:48:44",1
1122,25,810,235,"2026-01-23 09:48:44",235,"2026-01-23 09:48:44",1
1123,38,1025,235,"2026-01-23 14:36:27",235,"2026-01-23 14:36:27",1
1124,14,1026,27,"2026-01-23 16:28:54",27,"2026-01-23 16:28:54",1
1125,15,1026,27,"2026-01-23 16:28:54",27,"2026-01-23 16:28:54",1
1126,20,1026,27,"2026-01-23 16:28:54",27,"2026-01-23 16:28:54",1
1127,17,1032,27,"2026-01-27 13:53:49",27,"2026-01-27 13:53:49",1
1128,17,1033,27,"2026-01-27 14:04:28",27,"2026-01-27 14:04:28",1
1129,52,1005,235,"2026-01-27 16:47:04",235,"2026-01-27 16:47:04",1
1130,56,1005,235,"2026-01-27 16:47:04",235,"2026-01-27 16:47:04",1
1131,19,1034,268,"2026-01-28 12:08:33",268,"2026-01-28 12:08:33",1
1132,17,1036,268,"2026-01-29 09:20:58",268,"2026-01-29 09:20:58",1
1133,19,1036,268,"2026-01-29 09:20:58",268,"2026-01-29 09:20:58",1
1134,54,1037,235,"2026-01-29 10:55:19",235,"2026-01-29 10:55:19",1
1135,58,1041,81,"2026-01-29 16:27:10",81,"2026-01-29 16:27:10",1
1136,32,1042,81,"2026-01-29 16:33:49",81,"2026-01-29 16:33:49",1
1137,33,1042,81,"2026-01-29 16:33:49",81,"2026-01-29 16:33:49",1
1138,32,1044,81,"2026-01-29 16:55:47",81,"2026-01-29 16:55:47",1
1139,33,1044,81,"2026-01-29 16:55:47",81,"2026-01-29 16:55:47",1
1140,26,965,27,"2026-01-30 08:45:40",27,"2026-01-30 08:45:40",1
1141,42,1046,27,"2026-01-30 14:24:00",27,"2026-01-30 14:24:00",1
1142,51,1048,235,"2026-01-30 15:57:38",235,"2026-01-30 15:57:38",1
1143,13,1049,867,"2026-01-30 17:22:03",867,"2026-01-30 17:22:03",1
1144,52,1049,867,"2026-01-30 17:22:03",867,"2026-01-30 17:22:03",1
1145,92,1049,867,"2026-01-30 17:22:03",867,"2026-01-30 17:22:03",1
1146,52,1050,81,"2026-01-30 20:10:36",81,"2026-01-30 20:10:36",1
1147,40,1051,235,"2026-02-02 09:36:34",235,"2026-02-02 09:36:34",1
1148,77,1051,235,"2026-02-02 09:36:34",235,"2026-02-02 09:36:34",1
1149,110,1051,235,"2026-02-02 09:36:34",235,"2026-02-02 09:36:34",1
1150,37,1053,992,"2026-02-02 15:37:02",992,"2026-02-02 15:37:02",1
1151,17,1054,27,"2026-02-02 15:48:53",27,"2026-02-02 15:48:53",1
1152,19,1054,27,"2026-02-02 15:48:53",27,"2026-02-02 15:48:53",1
1153,22,1055,27,"2026-02-02 16:18:02",27,"2026-02-02 16:18:02",1
1154,23,1055,27,"2026-02-02 16:18:02",27,"2026-02-02 16:18:02",1
1155,25,1055,27,"2026-02-02 16:18:02",27,"2026-02-02 16:18:02",1
1156,77,1055,27,"2026-02-02 16:18:02",27,"2026-02-02 16:18:02",1
1157,17,1056,27,"2026-02-03 09:03:52",27,"2026-02-03 09:03:52",1
1158,16,1058,235,"2026-02-03 13:49:55",235,"2026-02-03 13:49:55",1
1159,20,1058,235,"2026-02-03 13:49:55",235,"2026-02-03 13:49:55",1
1160,52,1058,235,"2026-02-03 13:49:55",235,"2026-02-03 13:49:55",1
1161,57,1058,235,"2026-02-03 13:49:55",235,"2026-02-03 13:49:55",1
1162,13,514,867,"2026-02-03 14:46:42",867,"2026-02-03 14:46:42",1
1163,52,1060,867,"2026-02-03 14:55:19",867,"2026-02-03 14:55:19",1
1164,13,1062,867,"2026-02-03 15:06:43",867,"2026-02-03 15:06:43",1
1165,42,1062,867,"2026-02-03 15:06:43",867,"2026-02-03 15:06:43",1
1166,68,1062,867,"2026-02-03 15:06:43",867,"2026-02-03 15:06:43",1
1167,15,1070,235,"2026-02-10 12:46:13",235,"2026-02-10 12:46:13",1
1168,25,1070,235,"2026-02-10 12:46:13",235,"2026-02-10 12:46:13",1
1169,27,1070,235,"2026-02-10 12:46:13",235,"2026-02-10 12:46:13",1
1170,39,1070,235,"2026-02-10 12:46:13",235,"2026-02-10 12:46:13",1
1171,40,1070,235,"2026-02-10 12:46:13",235,"2026-02-10 12:46:13",1
1172,56,1070,235,"2026-02-10 12:46:13",235,"2026-02-10 12:46:13",1
1173,58,1070,235,"2026-02-10 12:46:13",235,"2026-02-10 12:46:13",1
1174,52,1076,235,"2026-02-10 16:02:26",235,"2026-02-10 16:02:26",1
1175,51,1082,268,"2026-02-12 12:26:48",268,"2026-02-12 12:26:48",1
1176,76,1084,268,"2026-02-12 14:16:01",268,"2026-02-12 14:16:01",1
1177,13,899,81,"2026-02-13 14:05:52",81,"2026-02-13 14:05:52",1
